name,product url,price,sku,imgUrl,company
ClubTropicana-28ColorFoilEyeshadowPalette,http://www.bhcosmetics.com/eyes/club-tropicana,$9.00,club_tropicana_-_28_color_foil_eyeshadow_palette,http://www.bhcosmetics.com/media/catalog/product/cache/1/image/9df78eab33525d08d6e5fb8d27136e95/c/l/club_tropicana_palette_open_flat.jpg,bhcosmetics
TakeMeBackToBrazil-35ColorPressedPigmentPalette,http://www.bhcosmetics.com/eyes/take-me-back-to-brazil-35-color-pressed-pigment-palette,$11.04,take_me_back_to_brazil_-_35_color_pressed_pigment_palette,http://www.bhcosmetics.com/media/catalog/product/cache/1/image/9df78eab33525d08d6e5fb8d27136e95/t/a/take_me_back_to_brazil_hero_open_03_29_17-4.jpg,bhcosmetics
CarliBybelDeluxeEdition-21ColorEyeshadow&amp;HighlighterPalette,http://www.bhcosmetics.com/eyes/carli-bybel-deluxe-edition-21-color-eyeshadow-highlighter-palette,$16.87,carli_bybel_deluxe_edition_-_21_color_eyeshadow_&amp;_highlighter_palette,http://www.bhcosmetics.com/media/catalog/product/cache/1/image/9df78eab33525d08d6e5fb8d27136e95/c/a/carli_bybel_deluxe_palette_open.jpg,bhcosmetics
SolarFlare-18ColorBakedEyeshadowPalette,http://www.bhcosmetics.com/eyes/solar-flare,$10.39,solar_flare_-_18_color_baked_eyeshadow_palette,http://www.bhcosmetics.com/media/catalog/product/cache/1/image/9df78eab33525d08d6e5fb8d27136e95/s/o/solar_flare_pallete_open_1.jpg,bhcosmetics
GalaxyChic-18ColorBakedEyeshadowPalette,http://www.bhcosmetics.com/eyes/galaxy-chic,$10.39,galaxy_chic_-_18_color_baked_eyeshadow_palette,http://www.bhcosmetics.com/media/catalog/product/cache/1/image/9df78eab33525d08d6e5fb8d27136e95/e/y/eyes_galaxychic_open_960x960.jpg,bhcosmetics
StudioProUltimateArtistry-42ColorShadowPalette,http://www.bhcosmetics.com/eyes/studio-pro-ultimate-artistry-42-color-shadow-palette,$14.29,studio_pro_ultimate_artistry_-_42_color_shadow_palette,http://www.bhcosmetics.com/media/catalog/product/cache/1/image/9df78eab33525d08d6e5fb8d27136e95/s/t/studio_pro_ultimate_artistry-_42_color_eyeshadow_palette_three_quarter_open_w_overlay.jpg,bhcosmetics
Supernova-18ColorBakedEyeshadowPalette,http://www.bhcosmetics.com/eyes/supernova-18-color-baked-eyeshadow-palette,$10.39,supernova_-_18_color_baked_eyeshadow_palette,http://www.bhcosmetics.com/media/catalog/product/cache/1/image/9df78eab33525d08d6e5fb8d27136e95/s/u/supernova_palette_open.jpg,bhcosmetics
NeutralEyes-28ColorEyeshadowPalette,http://www.bhcosmetics.com/eyes/28-neutral-eyeshadow-color-palette,$8.44,neutral_eyes_-_28_color_eyeshadow_palette,http://www.bhcosmetics.com/media/catalog/product/cache/1/image/9df78eab33525d08d6e5fb8d27136e95/e/y/eyes_neutraleyes28_above_960x960.jpg,bhcosmetics
ShaaanxoTheRemix-18ColorShadowPalette,http://www.bhcosmetics.com/eyes/shaaanxo-the-remix-18-color-shadow-palette,$12.34,shaaanxo_the_remix_-_18_color_shadow_palette,http://www.bhcosmetics.com/media/catalog/product/cache/1/image/9df78eab33525d08d6e5fb8d27136e95/s/h/shaaanxo_the_remix_18_color_shadow_palette_10_17_17_1-_1_.jpg,bhcosmetics
SpotlightHighlight-6ColorPalette,http://www.bhcosmetics.com/eyes/spotlight-highlight-6-color-palette,$11.04,spotlight_highlight_-_6_color_palette,http://www.bhcosmetics.com/media/catalog/product/cache/1/image/9df78eab33525d08d6e5fb8d27136e95/s/p/spot_light_highlight_6_color_palette_open_flat_1.jpg,bhcosmetics
StudioProUltimateNeutrals-42ColorShadowPalette,http://www.bhcosmetics.com/eyes/studio-pro-ultimate-neutrals-42-color-shadow-palette,$14.94,studio_pro_ultimate_neutrals_-_42_color_shadow_palette,http://www.bhcosmetics.com/media/catalog/product/cache/1/image/9df78eab33525d08d6e5fb8d27136e95/s/t/studio_pro_ultimate_nuetrals-_42_color_eyeshadow_palette_three_quarter_open_w_overlay.jpg,bhcosmetics
BlushedNeutrals-26ColorEyeshadowandBlushPalette,http://www.bhcosmetics.com/eyes/blushed-neutrals-palette,$9.74,blushed_neutrals_-_26_color_eyeshadow_and_blush_palette,http://www.bhcosmetics.com/media/catalog/product/cache/1/image/9df78eab33525d08d6e5fb8d27136e95/e/y/eyesface_blushedneutrals_above_960x960_1.jpg,bhcosmetics
ModernNeutrals-28ColorMatteEyeshadowPalette,http://www.bhcosmetics.com/eyes/modern-neutrals-28-color-eyeshadow-palette,$9.09,modern_neutrals_-_28_color_matte_eyeshadow_palette,http://www.bhcosmetics.com/media/catalog/product/cache/1/image/9df78eab33525d08d6e5fb8d27136e95/m/o/modern_neutrals_carton.jpg,bhcosmetics
FoilEyes2-28ColorEyeshadowPalette,http://www.bhcosmetics.com/eyes/foil-eyes-2-28-color-eyeshadow,$9.09,foil_eyes_2_-_28_color_eyeshadow_palette,http://www.bhcosmetics.com/media/catalog/product/cache/1/image/9df78eab33525d08d6e5fb8d27136e95/f/o/foil_eyes_02_palette_open_flat.jpg,bhcosmetics
SmokeyEyes-28ColorEyeshadowPalette,http://www.bhcosmetics.com/eyes/28color-smoky-eye-palette,$8.12,smokey_eyes_-_28_color_eyeshadow_palette,http://www.bhcosmetics.com/media/catalog/product/cache/1/image/9df78eab33525d08d6e5fb8d27136e95/e/y/eyes_smokeyeyespalette_above.jpg,bhcosmetics
BlacklightHighlight-6ColorPalette,http://www.bhcosmetics.com/eyes/blacklight-highlight-6-color-palette,$11.04,blacklight_highlight_-_6_color_palette,http://www.bhcosmetics.com/media/catalog/product/cache/1/image/9df78eab33525d08d6e5fb8d27136e95/b/l/black_light_highlight_6_color_palette_open_flat_1.jpg,bhcosmetics
UrbanLuxe-99ColorEyeshadowPalette,http://www.bhcosmetics.com/eyes/urban-luxe-99-color-eyeshadow-palette,$9.74,urban_luxe_-_99_color_eyeshadow_palette,http://www.bhcosmetics.com/media/catalog/product/cache/1/image/9df78eab33525d08d6e5fb8d27136e95/u/r/urban_luxe_-_palette_open_above_960x960_72dpi_no_shadow.jpg,bhcosmetics
StudioProDualEffectWet/DryEyeshadowPalette:Titanium,http://www.bhcosmetics.com/eyes/studio-pro-dual-effect-wet-dry-eyeshadow-palette-titanium,$7.14,studio_pro_dual_effect_wet/dry_eyeshadow_palette:_titanium,http://www.bhcosmetics.com/media/catalog/product/cache/1/image/9df78eab33525d08d6e5fb8d27136e95/s/t/studioproplatte_open_960x960_1.jpg,bhcosmetics
WildatHeartBakedEyeshadowPalette,http://www.bhcosmetics.com/eyes/wild-at-heart-baked-eyeshadow-palette,$7.79,wild_at_heart_baked_eyeshadow_palette,http://www.bhcosmetics.com/media/catalog/product/cache/1/image/9df78eab33525d08d6e5fb8d27136e95/e/y/eyes_wildatheart_openside_960x960.jpg,bhcosmetics
StudioProDualEffectWet/DryEyeshadowPalette:Universal,http://www.bhcosmetics.com/eyes/studio-pro-dual-effect-wet-dry-eyeshadow-palette,$7.14,studio_pro_dual_effect_wet/dry_eyeshadow_palette:_universal,http://www.bhcosmetics.com/media/catalog/product/cache/1/image/9df78eab33525d08d6e5fb8d27136e95/s/t/studio_pro_dual_effect_eyeshadow_palette__open_flat.jpg,bhcosmetics
WildChildBakedEyeshadowPalette,http://www.bhcosmetics.com/eyes/wild-child-baked-eyeshadow-palette,$7.79,wild_child_baked_eyeshadow_palette,http://www.bhcosmetics.com/media/catalog/product/cache/1/image/9df78eab33525d08d6e5fb8d27136e95/e/y/eyes_wildchild_openside_960x960.jpg,bhcosmetics
"BronzeParadise-Eyeshadow,Bronzer&amp;HighlighterPalette",http://www.bhcosmetics.com/eyes/bronze-paradise-eyeshadow-bronzer-highlighter-palette,$7.79,"bronze_paradise_-_eyeshadow,_bronzer_&amp;_highlighter_palette",http://www.bhcosmetics.com/media/catalog/product/cache/1/image/9df78eab33525d08d6e5fb8d27136e95/b/r/bronze_paradise_open_full.jpg,bhcosmetics
NudeRoseNightFall-12ColorEyeshadowPalette,http://www.bhcosmetics.com/eyes/nude-rose-night-fall-12-color-eyeshadow-palette,$7.79,nude_rose_night_fall_-_12_color_eyeshadow_palette,http://www.bhcosmetics.com/media/catalog/product/cache/1/image/9df78eab33525d08d6e5fb8d27136e95/n/u/nude_rose_night_fall_open_flat_1.jpg,bhcosmetics
BHLiquidEyeliner-Black,http://www.bhcosmetics.com/eyes/bh-liquid-eyeliner-black,$3.24,bh_liquid_eyeliner_-_black,http://www.bhcosmetics.com/media/catalog/product/cache/1/image/9df78eab33525d08d6e5fb8d27136e95/e/y/eyes_bhliquidliner_black_open_960x960.jpg,bhcosmetics
ClubTropicana-28ColorFoilEyeshadowPalette,http://www.bhcosmetics.com/eyes/club-tropicana,$9.00,club_tropicana_-_28_color_foil_eyeshadow_palette,http://www.bhcosmetics.com/media/catalog/product/cache/1/image/9df78eab33525d08d6e5fb8d27136e95/c/l/club_tropicana_palette_open_flat.jpg,bhcosmetics
TakeMeBackToBrazil-35ColorPressedPigmentPalette,http://www.bhcosmetics.com/eyes/take-me-back-to-brazil-35-color-pressed-pigment-palette,$11.04,take_me_back_to_brazil_-_35_color_pressed_pigment_palette,http://www.bhcosmetics.com/media/catalog/product/cache/1/image/9df78eab33525d08d6e5fb8d27136e95/t/a/take_me_back_to_brazil_hero_open_03_29_17-4.jpg,bhcosmetics
CarliBybelDeluxeEdition-21ColorEyeshadow&amp;HighlighterPalette,http://www.bhcosmetics.com/eyes/carli-bybel-deluxe-edition-21-color-eyeshadow-highlighter-palette,$16.87,carli_bybel_deluxe_edition_-_21_color_eyeshadow_&amp;_highlighter_palette,http://www.bhcosmetics.com/media/catalog/product/cache/1/image/9df78eab33525d08d6e5fb8d27136e95/c/a/carli_bybel_deluxe_palette_open.jpg,bhcosmetics
SolarFlare-18ColorBakedEyeshadowPalette,http://www.bhcosmetics.com/eyes/solar-flare,$10.39,solar_flare_-_18_color_baked_eyeshadow_palette,http://www.bhcosmetics.com/media/catalog/product/cache/1/image/9df78eab33525d08d6e5fb8d27136e95/s/o/solar_flare_pallete_open_1.jpg,bhcosmetics
GalaxyChic-18ColorBakedEyeshadowPalette,http://www.bhcosmetics.com/eyes/galaxy-chic,$10.39,galaxy_chic_-_18_color_baked_eyeshadow_palette,http://www.bhcosmetics.com/media/catalog/product/cache/1/image/9df78eab33525d08d6e5fb8d27136e95/e/y/eyes_galaxychic_open_960x960.jpg,bhcosmetics
StudioProUltimateArtistry-42ColorShadowPalette,http://www.bhcosmetics.com/eyes/studio-pro-ultimate-artistry-42-color-shadow-palette,$14.29,studio_pro_ultimate_artistry_-_42_color_shadow_palette,http://www.bhcosmetics.com/media/catalog/product/cache/1/image/9df78eab33525d08d6e5fb8d27136e95/s/t/studio_pro_ultimate_artistry-_42_color_eyeshadow_palette_three_quarter_open_w_overlay.jpg,bhcosmetics
Supernova-18ColorBakedEyeshadowPalette,http://www.bhcosmetics.com/eyes/supernova-18-color-baked-eyeshadow-palette,$10.39,supernova_-_18_color_baked_eyeshadow_palette,http://www.bhcosmetics.com/media/catalog/product/cache/1/image/9df78eab33525d08d6e5fb8d27136e95/s/u/supernova_palette_open.jpg,bhcosmetics
NeutralEyes-28ColorEyeshadowPalette,http://www.bhcosmetics.com/eyes/28-neutral-eyeshadow-color-palette,$8.44,neutral_eyes_-_28_color_eyeshadow_palette,http://www.bhcosmetics.com/media/catalog/product/cache/1/image/9df78eab33525d08d6e5fb8d27136e95/e/y/eyes_neutraleyes28_above_960x960.jpg,bhcosmetics
ShaaanxoTheRemix-18ColorShadowPalette,http://www.bhcosmetics.com/eyes/shaaanxo-the-remix-18-color-shadow-palette,$12.34,shaaanxo_the_remix_-_18_color_shadow_palette,http://www.bhcosmetics.com/media/catalog/product/cache/1/image/9df78eab33525d08d6e5fb8d27136e95/s/h/shaaanxo_the_remix_18_color_shadow_palette_10_17_17_1-_1_.jpg,bhcosmetics
SpotlightHighlight-6ColorPalette,http://www.bhcosmetics.com/eyes/spotlight-highlight-6-color-palette,$11.04,spotlight_highlight_-_6_color_palette,http://www.bhcosmetics.com/media/catalog/product/cache/1/image/9df78eab33525d08d6e5fb8d27136e95/s/p/spot_light_highlight_6_color_palette_open_flat_1.jpg,bhcosmetics
StudioProUltimateNeutrals-42ColorShadowPalette,http://www.bhcosmetics.com/eyes/studio-pro-ultimate-neutrals-42-color-shadow-palette,$14.94,studio_pro_ultimate_neutrals_-_42_color_shadow_palette,http://www.bhcosmetics.com/media/catalog/product/cache/1/image/9df78eab33525d08d6e5fb8d27136e95/s/t/studio_pro_ultimate_nuetrals-_42_color_eyeshadow_palette_three_quarter_open_w_overlay.jpg,bhcosmetics
BlushedNeutrals-26ColorEyeshadowandBlushPalette,http://www.bhcosmetics.com/eyes/blushed-neutrals-palette,$9.74,blushed_neutrals_-_26_color_eyeshadow_and_blush_palette,http://www.bhcosmetics.com/media/catalog/product/cache/1/image/9df78eab33525d08d6e5fb8d27136e95/e/y/eyesface_blushedneutrals_above_960x960_1.jpg,bhcosmetics
ModernNeutrals-28ColorMatteEyeshadowPalette,http://www.bhcosmetics.com/eyes/modern-neutrals-28-color-eyeshadow-palette,$9.09,modern_neutrals_-_28_color_matte_eyeshadow_palette,http://www.bhcosmetics.com/media/catalog/product/cache/1/image/9df78eab33525d08d6e5fb8d27136e95/m/o/modern_neutrals_carton.jpg,bhcosmetics
FoilEyes2-28ColorEyeshadowPalette,http://www.bhcosmetics.com/eyes/foil-eyes-2-28-color-eyeshadow,$9.09,foil_eyes_2_-_28_color_eyeshadow_palette,http://www.bhcosmetics.com/media/catalog/product/cache/1/image/9df78eab33525d08d6e5fb8d27136e95/f/o/foil_eyes_02_palette_open_flat.jpg,bhcosmetics
SmokeyEyes-28ColorEyeshadowPalette,http://www.bhcosmetics.com/eyes/28color-smoky-eye-palette,$8.12,smokey_eyes_-_28_color_eyeshadow_palette,http://www.bhcosmetics.com/media/catalog/product/cache/1/image/9df78eab33525d08d6e5fb8d27136e95/e/y/eyes_smokeyeyespalette_above.jpg,bhcosmetics
BlacklightHighlight-6ColorPalette,http://www.bhcosmetics.com/eyes/blacklight-highlight-6-color-palette,$11.04,blacklight_highlight_-_6_color_palette,http://www.bhcosmetics.com/media/catalog/product/cache/1/image/9df78eab33525d08d6e5fb8d27136e95/b/l/black_light_highlight_6_color_palette_open_flat_1.jpg,bhcosmetics
UrbanLuxe-99ColorEyeshadowPalette,http://www.bhcosmetics.com/eyes/urban-luxe-99-color-eyeshadow-palette,$9.74,urban_luxe_-_99_color_eyeshadow_palette,http://www.bhcosmetics.com/media/catalog/product/cache/1/image/9df78eab33525d08d6e5fb8d27136e95/u/r/urban_luxe_-_palette_open_above_960x960_72dpi_no_shadow.jpg,bhcosmetics
StudioProDualEffectWet/DryEyeshadowPalette:Titanium,http://www.bhcosmetics.com/eyes/studio-pro-dual-effect-wet-dry-eyeshadow-palette-titanium,$7.14,studio_pro_dual_effect_wet/dry_eyeshadow_palette:_titanium,http://www.bhcosmetics.com/media/catalog/product/cache/1/image/9df78eab33525d08d6e5fb8d27136e95/s/t/studioproplatte_open_960x960_1.jpg,bhcosmetics
WildatHeartBakedEyeshadowPalette,http://www.bhcosmetics.com/eyes/wild-at-heart-baked-eyeshadow-palette,$7.79,wild_at_heart_baked_eyeshadow_palette,http://www.bhcosmetics.com/media/catalog/product/cache/1/image/9df78eab33525d08d6e5fb8d27136e95/e/y/eyes_wildatheart_openside_960x960.jpg,bhcosmetics
StudioProDualEffectWet/DryEyeshadowPalette:Universal,http://www.bhcosmetics.com/eyes/studio-pro-dual-effect-wet-dry-eyeshadow-palette,$7.14,studio_pro_dual_effect_wet/dry_eyeshadow_palette:_universal,http://www.bhcosmetics.com/media/catalog/product/cache/1/image/9df78eab33525d08d6e5fb8d27136e95/s/t/studio_pro_dual_effect_eyeshadow_palette__open_flat.jpg,bhcosmetics
WildChildBakedEyeshadowPalette,http://www.bhcosmetics.com/eyes/wild-child-baked-eyeshadow-palette,$7.79,wild_child_baked_eyeshadow_palette,http://www.bhcosmetics.com/media/catalog/product/cache/1/image/9df78eab33525d08d6e5fb8d27136e95/e/y/eyes_wildchild_openside_960x960.jpg,bhcosmetics
"BronzeParadise-Eyeshadow,Bronzer&amp;HighlighterPalette",http://www.bhcosmetics.com/eyes/bronze-paradise-eyeshadow-bronzer-highlighter-palette,$7.79,"bronze_paradise_-_eyeshadow,_bronzer_&amp;_highlighter_palette",http://www.bhcosmetics.com/media/catalog/product/cache/1/image/9df78eab33525d08d6e5fb8d27136e95/b/r/bronze_paradise_open_full.jpg,bhcosmetics
NudeRoseNightFall-12ColorEyeshadowPalette,http://www.bhcosmetics.com/eyes/nude-rose-night-fall-12-color-eyeshadow-palette,$7.79,nude_rose_night_fall_-_12_color_eyeshadow_palette,http://www.bhcosmetics.com/media/catalog/product/cache/1/image/9df78eab33525d08d6e5fb8d27136e95/n/u/nude_rose_night_fall_open_flat_1.jpg,bhcosmetics
BHLiquidEyeliner-Black,http://www.bhcosmetics.com/eyes/bh-liquid-eyeliner-black,$3.24,bh_liquid_eyeliner_-_black,http://www.bhcosmetics.com/media/catalog/product/cache/1/image/9df78eab33525d08d6e5fb8d27136e95/e/y/eyes_bhliquidliner_black_open_960x960.jpg,bhcosmetics
Be...byBubzBeauty-12ColorEyeshadowPalette,http://www.bhcosmetics.com/eyes/be-by-bubzbeauty,$9.42,be..._by_bubzbeauty_-_12_color_eyeshadow_palette,http://www.bhcosmetics.com/media/catalog/product/cache/1/image/9df78eab33525d08d6e5fb8d27136e95/b/u/bubz_beauty_palette_hero_open.jpg,bhcosmetics
MarbleCollection-CoolStone-12ColorEyeshadowPalette,http://www.bhcosmetics.com/eyes/marble-collection-cool-stone-12-color-eyeshadow-palette,$7.79,marble_collection_-_cool_stone_-_12_color_eyeshadow_palette,http://www.bhcosmetics.com/media/catalog/product/cache/1/image/9df78eab33525d08d6e5fb8d27136e95/m/a/marble_collection_cool_palette_three_quarter_open_updated.jpg,bhcosmetics
MarbleCollection-WarmStone-12ColorEyeshadowPalette,http://www.bhcosmetics.com/eyes/marble-collection-warm-stone-12-color-eyeshadow-palette,$7.79,marble_collection_-_warm_stone_-_12_color_eyeshadow_palette,http://www.bhcosmetics.com/media/catalog/product/cache/1/image/9df78eab33525d08d6e5fb8d27136e95/m/a/marble_collection_warm_palette_three_quarter_open_.jpg,bhcosmetics
IlluminateByAshleyTisdale:NightGoddess-12ColorEye&amp;CheekCollection,http://www.bhcosmetics.com/eyes/night-goddess-12-color-eye-cheek-collection,$7.79,illuminate_by_ashley_tisdale:_night_goddess_-12_color_eye_&amp;_cheek_collection,http://www.bhcosmetics.com/media/catalog/product/cache/1/image/9df78eab33525d08d6e5fb8d27136e95/i/l/illuminate_nightgoddess_palette_above_noshadow_960x960_72dpi.jpg,bhcosmetics
IlluminatebyAshleyTisdale12ColorEyeshadowPalette-Goddess,http://www.bhcosmetics.com/eyes/illuminate-by-ashley-tisdale-12-color-eyeshadow-palette-goddess,$8.44,illuminate_by_ashley_tisdale_12_color_eyeshadow_palette_-_goddess,http://www.bhcosmetics.com/media/catalog/product/cache/1/image/9df78eab33525d08d6e5fb8d27136e95/a/s/ashley_tisdale_illuminate_goddess_open_flat_960x960_1.jpg,bhcosmetics
GlitterCollection,http://www.bhcosmetics.com/eyes/glitter-collection,$3.89 $3.89,glitter_collection,http://www.bhcosmetics.com/media/catalog/product/cache/1/image/9df78eab33525d08d6e5fb8d27136e95/g/l/glitter_collection_3_combo_group.jpg,bhcosmetics
StudioProWaterproofGelLiner-Onyx,http://www.bhcosmetics.com/eyes/studio-pro-waterproof-gel-liner-onyx,$3.89,studio_pro_waterproof_gel_liner_-_onyx,http://www.bhcosmetics.com/media/catalog/product/cache/1/image/9df78eab33525d08d6e5fb8d27136e95/s/t/studio_pro_waterproof_gel_eyeliner_-_above_960x960_72dpi_no_shadow.jpg,bhcosmetics
SmoothCanvas-Long-WearShadowPrimer,http://www.bhcosmetics.com/eyes/studio-pro-waterproof-eye-primer,$4.54 $4.54,smooth_canvas_-_long-wear_shadow_primer,http://www.bhcosmetics.com/media/catalog/product/cache/1/image/9df78eab33525d08d6e5fb8d27136e95/s/m/smoothcanvas_group.jpg,bhcosmetics
StudioProLashes,http://www.bhcosmetics.com/eyes/studio-pro-lashes,$2.27 $2.27,studio_pro_lashes,http://www.bhcosmetics.com/media/catalog/product/cache/1/image/9df78eab33525d08d6e5fb8d27136e95/s/t/studio_pro_lashes_04_05_17_8.jpg,bhcosmetics
StudioProEye&amp;LipMakeupRemover,http://www.bhcosmetics.com/eyes/studio-pro-eye-lip-makeup-remover,$3.89,studio_pro_eye_&amp;_lip_makeup_remover,http://www.bhcosmetics.com/media/catalog/product/cache/1/image/9df78eab33525d08d6e5fb8d27136e95/s/p/sp_eye___lip_remover_bottle_final.jpg,bhcosmetics
FalseEyelashes,http://www.bhcosmetics.com/eyes/false-eyelashes-1,$1.94 $1.94,false_eyelashes,http://www.bhcosmetics.com/media/catalog/product/cache/1/image/9df78eab33525d08d6e5fb8d27136e95/c/u/current_lashes_group.jpg,bhcosmetics
BHBlissLash-UltimateAll-In-OneMascara,http://www.bhcosmetics.com/eyes/bh-bliss-lash-ultimate-all-in-one-mascara,$3.89,bh_bliss_lash_-_ultimate_all-in-one_mascara,http://www.bhcosmetics.com/media/catalog/product/cache/1/image/9df78eab33525d08d6e5fb8d27136e95/b/l/bliss_lash_open_1.jpg,bhcosmetics
bhPartyGirlLoosePigmentEyeshadow,http://www.bhcosmetics.com/eyes/party-girl-loose-pigment-eyeshadow,$1.99 $1.99,bh_party_girl_loose_pigment_eyeshadow,http://www.bhcosmetics.com/media/catalog/product/cache/1/image/9df78eab33525d08d6e5fb8d27136e95/r/e/revised_eyes_partygirllooseshadow_noway_swatch_960x960_1.jpg,bhcosmetics
FoilEyes-28ColorEyeshadowPalette,http://www.bhcosmetics.com/eyes/foil-eyes-28-color-eyeshadow-palette,$9.09,foil_eyes_-_28_color_eyeshadow_palette,http://www.bhcosmetics.com/media/catalog/product/cache/1/image/9df78eab33525d08d6e5fb8d27136e95/f/o/foileyes_28color_palette_above_no_shadow_960x960_72dpi.jpg,bhcosmetics
Zodiac-25ColorEyeshadow&amp;HighlighterPalette,http://www.bhcosmetics.com/eyes/zodiac-palette,$16.49,zodiac_-_25_color_eyeshadow_&amp;_highlighter_palette,http://www.bhcosmetics.com/media/catalog/product/cache/1/image/9df78eab33525d08d6e5fb8d27136e95/z/o/zodiac_25-color-eyeshadow-_-highlighter_hero_open.jpg,bhcosmetics
ModernMattes-28ColorEyeshadowPalette,http://www.bhcosmetics.com/eyes/modern-mattes-28-color-eyeshadow-palette,$9.09,modern_mattes_-_28_color_eyeshadow_palette,http://www.bhcosmetics.com/media/catalog/product/cache/1/image/9df78eab33525d08d6e5fb8d27136e95/e/y/eyes_modermattes_above_960x960.jpg,bhcosmetics
"ItsMyRayeRaye-21ColorEyeshadow,Highlighter&amp;Contour",http://www.bhcosmetics.com/eyes/itsmyrayeraye-21-color-eyeshadow-highlighter-contour,$16.87,"itsmyrayeraye_-_21_color_eyeshadow,_highlighter_&amp;_contour",http://www.bhcosmetics.com/media/catalog/product/cache/1/image/9df78eab33525d08d6e5fb8d27136e95/i/t/it_s_my_raye_raye_21_color_eyeshadow_-highlighter__contour_palette_hero_open.jpg,bhcosmetics
StudioProWaterproofEyePrimer,http://www.bhcosmetics.com/eyes/studio-pro-waterproof-eye-primer-new,$6.17,studio_pro_waterproof_eye_primer,http://www.bhcosmetics.com/media/catalog/product/cache/1/image/9df78eab33525d08d6e5fb8d27136e95/s/t/studio_proeyeprimertube2015_960x960.png,bhcosmetics
88Neutral-Eighty-EightColorEyeshadowPalette,http://www.bhcosmetics.com/eyes/88-color-neutral-eyeshadow-palette,$8.44,88_neutral_-_eighty-eight_color_eyeshadow_palette,http://www.bhcosmetics.com/media/catalog/product/cache/1/image/9df78eab33525d08d6e5fb8d27136e95/8/8/88_neutral_eyeshadow_palette_above.jpg,bhcosmetics
SixthEdition-120ColorEyeshadowPalette,http://www.bhcosmetics.com/eyes/sixth-edition-120-color-eyeshadow-palette,$11.69,sixth_edition_-_120_color_eyeshadow_palette,http://www.bhcosmetics.com/media/catalog/product/cache/1/image/9df78eab33525d08d6e5fb8d27136e95/1/2/120no6_top-tray_1.jpg,bhcosmetics
SecondEdition-120ColorEyeshadowPalette,http://www.bhcosmetics.com/eyes/120-color-eyeshadow-palette-2nd-edition,$11.69,second_edition_-_120_color_eyeshadow_palette,http://www.bhcosmetics.com/media/catalog/product/cache/1/image/9df78eab33525d08d6e5fb8d27136e95/1/2/120no2_toptray.jpg,bhcosmetics
FirstEdition-120ColorEyeshadowPalette,http://www.bhcosmetics.com/eyes/120-color-eyeshadow-palette-1st-edition,$11.69,first_edition_-_120_color_eyeshadow_palette,http://www.bhcosmetics.com/media/catalog/product/cache/1/image/9df78eab33525d08d6e5fb8d27136e95/1/2/120no1_toptray.jpg,bhcosmetics
Wild&amp;Alluring-BakedEyeshadow&amp;HighlighterPalette,http://www.bhcosmetics.com/eyes/wild-alluring-baked-eyeshadow-highlighter-palette,$7.79,wild_&amp;_alluring_-_baked_eyeshadow_&amp;_highlighter_palette,http://www.bhcosmetics.com/media/catalog/product/cache/1/image/9df78eab33525d08d6e5fb8d27136e95/w/i/wildnalluring_flat_open_no_shadow_960x960_72dpi.jpg,bhcosmetics
NudeRose-12ColorEyeshadowPalette,http://www.bhcosmetics.com/eyes/nude-rose-12-color-eyeshadow-palette,$8.44,nude_rose_-_12_color_eyeshadow_palette,http://www.bhcosmetics.com/media/catalog/product/cache/1/image/9df78eab33525d08d6e5fb8d27136e95/n/u/nude_rose_eye_palette_three_quarter_open-flat.jpg,bhcosmetics
IlluminateByAshleyTisdale:BeachGoddess-12ColorEye&amp;CheekCollection,http://www.bhcosmetics.com/eyes/beach-goddess-12-color-eye-cheek-collection,$7.14,illuminate_by_ashley_tisdale:_beach_goddess_-_12_color_eye_&amp;_cheek_collection,http://www.bhcosmetics.com/media/catalog/product/cache/1/image/9df78eab33525d08d6e5fb8d27136e95/i/l/illuminate_beachgoddess_palette_above_noshadow_960x960_72dpi.jpg,bhcosmetics
SpecialOccasion-39ColorEyeshadow&amp;BlushPalette,http://www.bhcosmetics.com/eyes/39-color-special-occasion-new,$7.79,special_occasion_-_39_color_eyeshadow_&amp;_blush_palette,http://www.bhcosmetics.com/media/catalog/product/cache/1/image/9df78eab33525d08d6e5fb8d27136e95/e/y/eyes_specialoccasion_palette_angled_new_960x960_2.jpg,bhcosmetics
EyeToGoPalettes-6ColorEyeshadowPalettes,http://www.bhcosmetics.com/eyes/eye-to-go-palettes-6-color-eyeshadow-palettes,$3.24 $3.24,eye_to_go_palettes_-_6_color_eyeshadow_palettes,http://www.bhcosmetics.com/media/catalog/product/cache/1/image/9df78eab33525d08d6e5fb8d27136e95/s/m/smokey_foil_eyes_togo_palette_group.jpg,bhcosmetics
88Matte-Eighty-EightColorEyeshadowPalette,http://www.bhcosmetics.com/eyes/88-color-matte-eyeshadow-palette,$8.44,88_matte_-_eighty-eight_color_eyeshadow_palette,http://www.bhcosmetics.com/media/catalog/product/cache/1/image/9df78eab33525d08d6e5fb8d27136e95/8/8/88_eyeshadow_palette_above.jpg,bhcosmetics
36PieceUltimateBrushSet,http://www.bhcosmetics.com/brushes/36pcs-ultimate-brush-set,$24.04,36_piece_ultimate_brush_set,http://www.bhcosmetics.com/media/catalog/product/cache/1/image/9df78eab33525d08d6e5fb8d27136e95/b/r/brushes_36pcultimatebrushset_brushes_960x960.jpg,bhcosmetics
Smoke‘nMirrors-10PieceMetalizedBrushSet,http://www.bhcosmetics.com/brushes/smoke-n-mirrors-brush-set,$16.24,smoke_‘n_mirrors_-_10_piece_metalized_brush_set,http://www.bhcosmetics.com/media/catalog/product/cache/1/image/9df78eab33525d08d6e5fb8d27136e95/s/m/smokey.jpg,bhcosmetics
ItsMyRayeRaye-9PieceBrushSet,http://www.bhcosmetics.com/brushes/itsmyrayeraye-9-piece-brush-set,$18.00,itsmyrayeraye_-_9_piece_brush_set,http://www.bhcosmetics.com/media/catalog/product/cache/1/image/9df78eab33525d08d6e5fb8d27136e95/i/t/it_s_my_-raye_raye_9_peice_brush_set_group_shot.jpg,bhcosmetics
RoséRomance-12PieceBrushSetWithCosmeticBag,http://www.bhcosmetics.com/brushes/rose-romance-12-piece-brush-set,$15.59,rosé_romance_-_12_piece_brush_set_with_cosmetic_bag,http://www.bhcosmetics.com/media/catalog/product/cache/1/image/9df78eab33525d08d6e5fb8d27136e95/r/o/rose_romance_1.jpg,bhcosmetics
LavishElegance-15PieceBrushSetWithCosmeticBag,http://www.bhcosmetics.com/brushes/lavish-elegance-15-piece-brush-set-with-cosmetic-bag,$16.24,lavish_elegance_-_15_piece_brush_set_with_cosmetic_bag,http://www.bhcosmetics.com/media/catalog/product/cache/1/image/9df78eab33525d08d6e5fb8d27136e95/l/a/lavish.jpg,bhcosmetics
RoseQuartz-9PieceBrushSet,http://www.bhcosmetics.com/brushes/rose-quartz-9-piece-brush-set,$11.04,rose_quartz_-_9_piece_brush_set,http://www.bhcosmetics.com/media/catalog/product/cache/1/image/9df78eab33525d08d6e5fb8d27136e95/m/a/marble_rose_quartz_brushes_group.jpg,bhcosmetics
CrystalQuartz-12PieceBrushSet,http://www.bhcosmetics.com/brushes/crystal-quartz-12-piece-brush-set,$17.99,crystal_quartz_-_12_piece_brush_set,http://www.bhcosmetics.com/media/catalog/product/cache/1/image/9df78eab33525d08d6e5fb8d27136e95/c/r/crystal_1.jpg,bhcosmetics
StudioPro18PieceBrushSet,http://www.bhcosmetics.com/brushes/18-pc-studio-pro-brush-set,$21.44,studio_pro_18_piece_brush_set,http://www.bhcosmetics.com/media/catalog/product/cache/1/image/9df78eab33525d08d6e5fb8d27136e95/b/r/brushes_18pcbrushset_open_960x960.jpg,bhcosmetics
MetalRose-11PieceBrushSetWithCosmeticBag,http://www.bhcosmetics.com/brushes/metal-rose-11-piece-brush-set-with-cosmetic-bag,$14.94,metal_rose_-_11_piece_brush_set_with_cosmetic_bag,http://www.bhcosmetics.com/media/catalog/product/cache/1/image/9df78eab33525d08d6e5fb8d27136e95/m/e/metal_rose.jpg,bhcosmetics
SculptandBlend-10PieceBrushSet,http://www.bhcosmetics.com/brushes/10-pcs-sculpt-and-blend-brush-set,$12.34,sculpt_and_blend_-_10_piece_brush_set,http://www.bhcosmetics.com/media/catalog/product/cache/1/image/9df78eab33525d08d6e5fb8d27136e95/b/r/brushes_10pcsculptandblend_brushes1_960x960.jpg,bhcosmetics
SculptandBlend3-10PieceBrushSet,http://www.bhcosmetics.com/brushes/sculpt-blend-3-10-piece-brush-set,$13.64,sculpt_and_blend_3_-_10_piece_brush_set,http://www.bhcosmetics.com/media/catalog/product/cache/1/image/9df78eab33525d08d6e5fb8d27136e95/3/_/3.jpg,bhcosmetics
ShimmeringBronze-12PieceBrushSet,http://www.bhcosmetics.com/brushes/shimmering-bronze-12-piece-brush-set,$14.29,shimmering_bronze_-_12_piece_brush_set,http://www.bhcosmetics.com/media/catalog/product/cache/1/image/9df78eab33525d08d6e5fb8d27136e95/b/r/brushes_12pcshimmeringbronze_open_960x960_3.jpg,bhcosmetics
PopArt-10PieceBrushSet,http://www.bhcosmetics.com/brushes/10pcs-pop-art-brush-set-new,$12.99,pop_art_-_10_piece_brush_set,http://www.bhcosmetics.com/media/catalog/product/cache/1/image/9df78eab33525d08d6e5fb8d27136e95/b/r/brushes_10pcpopartbrushset_open_960x960_10.jpg,bhcosmetics
EcoLuxe-10PieceBrushSet,http://www.bhcosmetics.com/brushes/eco-luxe-brush-set-10-piece,$8.44,eco_luxe_-_10_piece_brush_set,http://www.bhcosmetics.com/media/catalog/product/cache/1/image/9df78eab33525d08d6e5fb8d27136e95/b/r/brushes_ecobrushset_above_960x960.jpg,bhcosmetics
MetallicPink-14PieceBrushSet,http://www.bhcosmetics.com/brushes/metallic-pink-14-piece-brush-set,$14.29,metallic_pink_-_14_piece_brush_set,http://www.bhcosmetics.com/media/catalog/product/cache/1/image/9df78eab33525d08d6e5fb8d27136e95/m/e/metallicpink_brushset_open_no_shadow_960x960_72dpi.jpg,bhcosmetics
DotCollection-11PieceBrushSetBlack,http://www.bhcosmetics.com/brushes/dot-collection-11-piece-brush-set-black,$14.29,dot_collection_-_11_piece_brush_set_black,http://www.bhcosmetics.com/media/catalog/product/cache/1/image/9df78eab33525d08d6e5fb8d27136e95/d/o/dot_collection_black_open_carton_cylinder_1_1.jpg,bhcosmetics
ShadingEyeTrio-3PieceBrushSet,http://www.bhcosmetics.com/brushes/shading-eye-trio-3-piece-brush-set,$3.89,shading_eye_trio_-_3_piece_brush_set,http://www.bhcosmetics.com/media/catalog/product/cache/1/image/9df78eab33525d08d6e5fb8d27136e95/s/h/shading-eye-trio.jpg,bhcosmetics
FaceEssential-5PieceBrushSet,http://www.bhcosmetics.com/brushes/face-essential-5-piece-brush-set,$8.12,face_essential_-_5_piece_brush_set,http://www.bhcosmetics.com/media/catalog/product/cache/1/image/9df78eab33525d08d6e5fb8d27136e95/f/a/face-essential-brushes-brushes.jpg,bhcosmetics
CarnivalCelebration-12PieceBrushSet,http://www.bhcosmetics.com/brushes/carnival-celebration-brush-set,$12.34,carnival_celebration_-_12_piece_brush_set,http://www.bhcosmetics.com/media/catalog/product/cache/1/image/9df78eab33525d08d6e5fb8d27136e95/c/a/carnivale_celebration_brush_set_group_960x960.jpg,bhcosmetics
BHSignatureRoseGold-13PieceBrushSet,http://www.bhcosmetics.com/brushes/signature-rose-gold-brush-set,$15.59,bh_signature_rose_gold_-_13_piece_brush_set,http://www.bhcosmetics.com/media/catalog/product/cache/1/image/9df78eab33525d08d6e5fb8d27136e95/b/h/bh_signature_rose_gold__13_peice_brush_set_cup_with_brushes_hero_angled.jpg,bhcosmetics
Pink-A-Dot-11PieceBrushSet,http://www.bhcosmetics.com/brushes/11-pcs-pink-a-dot-brush-set,$14.29,pink-a-dot_-_11_piece_brush_set,http://www.bhcosmetics.com/media/catalog/product/cache/1/image/9df78eab33525d08d6e5fb8d27136e95/b/r/brushes_11pcpinkadotbrushset_open_960x960_2.jpg,bhcosmetics
DotCollection-11PieceBrushSetPink,http://www.bhcosmetics.com/brushes/dot-collection-11-piece-brush-set-pink,$14.29,dot_collection_-_11_piece_brush_set_pink,http://www.bhcosmetics.com/media/catalog/product/cache/1/image/9df78eab33525d08d6e5fb8d27136e95/d/o/dot_collection_pink_open_carton_cylinder_1_1.jpg,bhcosmetics
RoseGold-15PieceBrushSet,http://www.bhcosmetics.com/brushes/15pc-rose-gold-brush-set,$14.29,rose_gold_-_15_piece_brush_set,http://www.bhcosmetics.com/media/catalog/product/cache/1/image/9df78eab33525d08d6e5fb8d27136e95/b/r/brushes_15pcrosegoldbrushset_set_960x960.jpg,bhcosmetics
DotCollection-11PieceBrushSetWhite,http://www.bhcosmetics.com/brushes/dot-collection-11-piece-brush-set-white,$14.29,dot_collection_-_11_piece_brush_set_white,http://www.bhcosmetics.com/media/catalog/product/cache/1/image/9df78eab33525d08d6e5fb8d27136e95/d/o/dot_collection_white_open_carton_cylider_1_1.jpg,bhcosmetics
IlluminatebyAshleyTisdale8PieceBrushSet,http://www.bhcosmetics.com/brushes/illuminate-by-ashley-tisdale-8-piece-brush-set,$12.35,illuminate_by_ashley_tisdale_8_piece_brush_set,http://www.bhcosmetics.com/media/catalog/product/cache/1/image/9df78eab33525d08d6e5fb8d27136e95/a/s/ashley_tisdale_illuminate_brushes_group.jpg,bhcosmetics
VeganBrushSet-Face,http://www.bhcosmetics.com/brushes/vegan-brush-set-face,$10.39$10.39,vegan_brush_set_-_face,http://www.bhcosmetics.com/media/catalog/product/cache/1/image/9df78eab33525d08d6e5fb8d27136e95/v/e/vegan_brush_set_face_group.jpg,bhcosmetics
NeonPink-6PieceBrushSetwithCosmeticBag,http://www.bhcosmetics.com/brushes/neon-pink-6-piece-brush-set-with-cosmetic-bag,$7.79,neon_pink_-_6_piece_brush_set_with_cosmetic_bag,http://www.bhcosmetics.com/media/catalog/product/cache/1/image/9df78eab33525d08d6e5fb8d27136e95/n/e/neon_pink_brush_bag_wbrushes_no_shadow_960x960_72dpi.jpg,bhcosmetics
BrightWhite-6PieceBrushSetwithCosmeticBag,http://www.bhcosmetics.com/brushes/bright-white-6-piece-brush-set-with-cosmetic-bag,$7.79,bright_white_-_6_piece_brush_set_with_cosmetic_bag,http://www.bhcosmetics.com/media/catalog/product/cache/1/image/9df78eab33525d08d6e5fb8d27136e95/b/r/bright_white_brush_bag_wbrushes_960x960_72dpi.jpg,bhcosmetics
BlendingFaceTrio-3PieceBrushSet,http://www.bhcosmetics.com/brushes/blending-face-trio-3-piece-brush-set,$6.49,blending_face_trio_-_3_piece_brush_set,http://www.bhcosmetics.com/media/catalog/product/cache/1/image/9df78eab33525d08d6e5fb8d27136e95/b/l/blending-face-trio.jpg,bhcosmetics
BlendingEyeTrio-3PieceBrushSet,http://www.bhcosmetics.com/brushes/blending-eye-trio-3-piece-brush-set,$3.89,blending_eye_trio_-_3_piece_brush_set,http://www.bhcosmetics.com/media/catalog/product/cache/1/image/9df78eab33525d08d6e5fb8d27136e95/b/l/blending-eye-trio.jpg,bhcosmetics
StudioProMakeupBrushCleaner,http://www.bhcosmetics.com/brushes/makeup-brush-cleaner,$6.49,studio_pro_makeup_brush_cleaner,http://www.bhcosmetics.com/media/catalog/product/cache/1/image/9df78eab33525d08d6e5fb8d27136e95/b/r/brushes_studiopromakeupbrushcleaner_closed_960x960.jpg,bhcosmetics
StudioProPrecisionSponge,http://www.bhcosmetics.com/brushes/studio-pro-precision-sponge,$3.24,studio_pro_precision_sponge,http://www.bhcosmetics.com/media/catalog/product/cache/1/image/9df78eab33525d08d6e5fb8d27136e95/s/t/studio_pro_precision_sponge_front_02.jpg,bhcosmetics
StudioProBeautySponge,http://www.bhcosmetics.com/brushes/studio-pro-beauty-sponge,$3.24,studio_pro_beauty_sponge,http://www.bhcosmetics.com/media/catalog/product/cache/1/image/9df78eab33525d08d6e5fb8d27136e95/s/p/sponge_1.jpg,bhcosmetics
StudioProDualCleansingBrushPad,http://www.bhcosmetics.com/brushes/studio-pro-dual-cleansing-brush-pad,$6.49,studio_pro_dual_cleansing_brush_pad,http://www.bhcosmetics.com/media/catalog/product/cache/1/image/9df78eab33525d08d6e5fb8d27136e95/s/t/studio_pro_duo_polishing_pad.jpg,bhcosmetics
StudioProBrush2-TaperedPowder,http://www.bhcosmetics.com/brushes/studio-pro-brush-2-tapered-powder,$3.89,studio_pro_brush_2_-_tapered_powder,http://www.bhcosmetics.com/media/catalog/product/cache/1/image/9df78eab33525d08d6e5fb8d27136e95/s/t/studio_pro_brush02_tapered_powder_brush_ferrule_1.jpg,bhcosmetics
StudioProBrush3-SmallContour,http://www.bhcosmetics.com/brushes/studio-pro-brush-3-small-contour,$3.24,studio_pro_brush_3_-_small_contour,http://www.bhcosmetics.com/media/catalog/product/cache/1/image/9df78eab33525d08d6e5fb8d27136e95/s/t/studio_pro_brush03_small_contour_brush_ferrule_1.jpg,bhcosmetics
StudioProBrush4-FlatTopBuffing,http://www.bhcosmetics.com/brushes/studio-pro-brush-4-flat-top-buffing,$3.24,studio_pro_brush_4_-_flat_top_buffing,http://www.bhcosmetics.com/media/catalog/product/cache/1/image/9df78eab33525d08d6e5fb8d27136e95/s/t/studio_pro_brush04_flat_top_buffing_brush_ferrule_1.jpg,bhcosmetics
StudioProBrush5-PointedCrease,http://www.bhcosmetics.com/brushes/studio-pro-brush-5-pointed-crease,$2.59,studio_pro_brush_5_-_pointed_crease,http://www.bhcosmetics.com/media/catalog/product/cache/1/image/9df78eab33525d08d6e5fb8d27136e95/s/t/studio_pro_brush05_flat_pointed_crease_brush_ferrule_1.jpg,bhcosmetics
StudioProBrush6-BlendingCrease,http://www.bhcosmetics.com/brushes/studio-pro-brush-6-blending-crease,$2.59,studio_pro_brush_6_-_blending_crease,http://www.bhcosmetics.com/media/catalog/product/cache/1/image/9df78eab33525d08d6e5fb8d27136e95/s/t/studio_pro_brush06_blending_crease_brush_ferrule_1.jpg,bhcosmetics
StudioProBrush8-SmallPointedCrease,http://www.bhcosmetics.com/brushes/studio-pro-brush-8-small-pointed-crease,$2.59,studio_pro_brush_8_-_small_pointed_crease,http://www.bhcosmetics.com/media/catalog/product/cache/1/image/9df78eab33525d08d6e5fb8d27136e95/s/t/studio_pro_brush08_small_pointed_crease_brush_ferrule_2.jpg,bhcosmetics
StudioProBrush10-Lip,http://www.bhcosmetics.com/brushes/studio-pro-brush-10-lip,$3.24,studio_pro_brush_10_-_lip,http://www.bhcosmetics.com/media/catalog/product/cache/1/image/9df78eab33525d08d6e5fb8d27136e95/s/t/studio_pro_brush10_lip_brush_ferrule_1.jpg,bhcosmetics
StudioProBrush11-FlatEyeliner,http://www.bhcosmetics.com/brushes/studio-pro-brush-11-flat-eyeliner,$3.24,studio_pro_brush_11_-_flat_eyeliner,http://www.bhcosmetics.com/media/catalog/product/cache/1/image/9df78eab33525d08d6e5fb8d27136e95/s/t/studio_pro_brush11_flat_eyeliner_brushferrule.jpg,bhcosmetics
StudioProBrush12-BentLiner,http://www.bhcosmetics.com/brushes/studio-pro-brush-12-bent-liner,$2.59,studio_pro_brush_12_-_bent_liner,http://www.bhcosmetics.com/media/catalog/product/cache/1/image/9df78eab33525d08d6e5fb8d27136e95/s/t/studio_pro_brush12_bent_liner_brush_ferrule_1.jpg,bhcosmetics
StudioProBrush13-AngledLiner/Spooley,http://www.bhcosmetics.com/brushes/studio-pro-brush-13-angled-liner-spooley,$3.24,studio_pro_brush_13_-_angled_liner/spooley,http://www.bhcosmetics.com/media/catalog/product/cache/1/image/9df78eab33525d08d6e5fb8d27136e95/s/t/studio_pro_brush13_angled_liner_spooley_brush_ferrule_1.jpg,bhcosmetics
BrushV1-VeganLargePowderBrush,http://www.bhcosmetics.com/brushes/brush-v1-vegan-large-powder-brush,$3.89,brush_v1_-_vegan_large_powder_brush,http://www.bhcosmetics.com/media/catalog/product/cache/1/image/9df78eab33525d08d6e5fb8d27136e95/v/1/v1_vegan_large_powder_brush.jpg,bhcosmetics
BrushV2-VeganPointedBlendingBrush,http://www.bhcosmetics.com/brushes/brush-v2-vegan-pointed-blending-brush,$3.57,brush_v2_-_vegan_pointed_blending_brush,http://www.bhcosmetics.com/media/catalog/product/cache/1/image/9df78eab33525d08d6e5fb8d27136e95/v/2/v2_vegan_pointed_blending_brush.jpg,bhcosmetics
BrushV3-VeganContourBrush,http://www.bhcosmetics.com/brushes/brush-v3-contour-brush,$3.57,brush_v3_-_vegan_contour_brush,http://www.bhcosmetics.com/media/catalog/product/cache/1/image/9df78eab33525d08d6e5fb8d27136e95/v/3/v3_vegan_contour_brush.jpg,bhcosmetics
BrushV4-VeganFoundationBrush,http://www.bhcosmetics.com/brushes/brush-v4-vegan-foundation-brush,$3.57,brush_v4_-_vegan_foundation_brush,http://www.bhcosmetics.com/media/catalog/product/cache/1/image/9df78eab33525d08d6e5fb8d27136e95/v/4/v4_vegan_foundation_brush_.jpg,bhcosmetics
BrushV5-VeganBlendingBrush,http://www.bhcosmetics.com/brushes/brush-v5-vegan-blending-brush,$2.59,brush_v5_-_vegan_blending_brush,http://www.bhcosmetics.com/media/catalog/product/cache/1/image/9df78eab33525d08d6e5fb8d27136e95/v/5/v5_vegan_blending_brush_.jpg,bhcosmetics
BrushV6-VeganLargeEyeshadowBrush,http://www.bhcosmetics.com/brushes/brush-v6-vegan-large-eyeshadow-brush,$2.27,brush_v6_-_vegan_large_eyeshadow_brush,http://www.bhcosmetics.com/media/catalog/product/cache/1/image/9df78eab33525d08d6e5fb8d27136e95/v/6/v6_vegan_large_eyeshadow_brush_.jpg,bhcosmetics
BrushV8-VeganLipBrush,http://www.bhcosmetics.com/brushes/brush-v8-vegan-lip-brush,$2.27,brush_v8_-_vegan_lip_brush,http://www.bhcosmetics.com/media/catalog/product/cache/1/image/9df78eab33525d08d6e5fb8d27136e95/v/8/v8_vegan_lip_brush.jpg,bhcosmetics
BrushV9-VeganEyePrecisionBrush,http://www.bhcosmetics.com/brushes/brush-v9-vegan-eye-precision-brush,$2.27,brush_v9_-_vegan_eye_precision_brush,http://www.bhcosmetics.com/media/catalog/product/cache/1/image/9df78eab33525d08d6e5fb8d27136e95/v/9/v9_vegan_eye_precision_brush.jpg,bhcosmetics
Brush2-LipLinerBrush,http://www.bhcosmetics.com/brushes/lip-liner-brush,$1.94,brush_2_-_lip_liner_brush,http://www.bhcosmetics.com/media/catalog/product/cache/1/image/9df78eab33525d08d6e5fb8d27136e95/b/r/brushes_liplinerbrush_detail_960x960.jpg,bhcosmetics
Brush9-DuoFiberStipplingBrush,http://www.bhcosmetics.com/brushes/duo-fiber-stippling-brush,$4.22,brush_9_-_duo_fiber_stippling_brush,http://www.bhcosmetics.com/media/catalog/product/cache/1/image/9df78eab33525d08d6e5fb8d27136e95/b/r/brushes_duofiberstipplingbrush_detail_960x960_1.jpg,bhcosmetics
Brush11-HighlighterBrush,http://www.bhcosmetics.com/brushes/highlighter-brush,$2.27,brush_11_-_highlighter_brush,http://www.bhcosmetics.com/media/catalog/product/cache/1/image/9df78eab33525d08d6e5fb8d27136e95/b/r/brushes_highlighterbrush_closeup_960x960_1.jpg,bhcosmetics
Brush23-ClassicSmudgeBrush,http://www.bhcosmetics.com/brushes/classic-smudge-brush,$1.94,brush_23_-_classic_smudge_brush,http://www.bhcosmetics.com/media/catalog/product/cache/1/image/9df78eab33525d08d6e5fb8d27136e95/b/r/brushes_classicsmudgebrush_detail_960x960.jpg,bhcosmetics
Brush24-ContourBlendingBrush,http://www.bhcosmetics.com/brushes/contour-blending-brush,$2.27,brush_24_-_contour_blending_brush,http://www.bhcosmetics.com/media/catalog/product/cache/1/image/9df78eab33525d08d6e5fb8d27136e95/b/r/brushes_contourblendingbrush_detail_960x960.jpg,bhcosmetics
Brush27-GoldMiniAngledKabukiBrush,http://www.bhcosmetics.com/brushes/gold-kabuki,$3.24,brush_27_-_gold_mini_angled_kabuki_brush,http://www.bhcosmetics.com/media/catalog/product/cache/1/image/9df78eab33525d08d6e5fb8d27136e95/b/r/brushes_goldminikabuki_full_960x960.jpg,bhcosmetics
Brush31-FlatBlendingBrush,http://www.bhcosmetics.com/brushes/flat-blending-brush,$2.59,brush_31_-_flat_blending_brush,http://www.bhcosmetics.com/media/catalog/product/cache/1/image/9df78eab33525d08d6e5fb8d27136e95/b/r/brushes_flatblendingbrush_detail_960x960.jpg,bhcosmetics
Brush34-AngledKabukiBrush,http://www.bhcosmetics.com/brushes/brush-34-angled-kabuki-brush,$3.24,brush_34_-_angled_kabuki_brush,http://www.bhcosmetics.com/media/catalog/product/cache/1/image/9df78eab33525d08d6e5fb8d27136e95/_/3/_34_angled_kabuki_brush_960x960.png,bhcosmetics
Brush35-DomedKabukiBrush,http://www.bhcosmetics.com/brushes/brush-35-domed-kabuki-brush,$3.24,brush_35_-_domed_kabuki_brush,http://www.bhcosmetics.com/media/catalog/product/cache/1/image/9df78eab33525d08d6e5fb8d27136e95/_/3/_35_domed_kabuki_brush_960x960.png,bhcosmetics
Brush36-MiniPinkKabukiBrush,http://www.bhcosmetics.com/brushes/brush-36-mini-pink-kabuki-brush,$2.59,brush_36_-_mini_pink_kabuki_brush,http://www.bhcosmetics.com/media/catalog/product/cache/1/image/9df78eab33525d08d6e5fb8d27136e95/f/a/face_bcapinkperfectingblush_kabuki_960x960.jpg,bhcosmetics
ProArtistBrushBelt,http://www.bhcosmetics.com/brushes/pro-artist-brush-belt,$5.84,pro_artist_brush_belt,http://www.bhcosmetics.com/media/catalog/product/cache/1/image/9df78eab33525d08d6e5fb8d27136e95/b/r/brushes_proartistbrushbelt_above_960x960.jpg,bhcosmetics
Brush19-FineEyelinerBrush,http://www.bhcosmetics.com/brushes/fine-eyeliner-brush,$1.94,brush_19_-_fine_eyeliner_brush,http://www.bhcosmetics.com/media/catalog/product/cache/1/image/9df78eab33525d08d6e5fb8d27136e95/b/r/brushes_fineeyelinerbrush_detail_960x960.jpg,bhcosmetics
Brush5-FlatLinerBrush,http://www.bhcosmetics.com/brushes/flat-liner-brush,$1.94,brush_5_-_flat_liner_brush,http://www.bhcosmetics.com/media/catalog/product/cache/1/image/9df78eab33525d08d6e5fb8d27136e95/b/r/brushes_flatliner_detail_960x960.jpg,bhcosmetics
StudioPro-13PieceBrushSet,http://www.bhcosmetics.com/brushes/studio-pro-13-piece-brush-set,$12.99,studio_pro_-_13_piece_brush_set,http://www.bhcosmetics.com/media/catalog/product/cache/1/image/9df78eab33525d08d6e5fb8d27136e95/s/t/studio_pro_brush_set_group.jpg,bhcosmetics
StuddedCouture-12PieceBrushSet,http://www.bhcosmetics.com/brushes/studded-couture-12-piece-brush-set,$15.59,studded_couture_-_12_piece_brush_set,http://www.bhcosmetics.com/media/catalog/product/cache/1/image/9df78eab33525d08d6e5fb8d27136e95/b/r/brushes_12pccouturebrushset_openset_960x960_1.jpg,bhcosmetics
PinkPerfection-10PieceBrushSet,http://www.bhcosmetics.com/brushes/pink-perfection-10-piece-brush-set,$13.64,pink_perfection_-_10_piece_brush_set,http://www.bhcosmetics.com/media/catalog/product/cache/1/image/9df78eab33525d08d6e5fb8d27136e95/p/i/pink_perfection_open_cylinder.jpg,bhcosmetics
PrettyinPink-10PieceBrushSetwithCosmeticBag,http://www.bhcosmetics.com/brushes/pretty-in-pink-10-piece-brush-set-with-cosmetic-bag,$13.64,pretty_in_pink_-_10_piece_brush_set_with_cosmetic_bag,http://www.bhcosmetics.com/media/catalog/product/cache/1/image/9df78eab33525d08d6e5fb8d27136e95/p/r/pretty_pink.jpg,bhcosmetics
BHChic-14PieceBrushSetwithCosmeticCase,http://www.bhcosmetics.com/brushes/bh-chic-14-piece-brush-set-with-cosmetic-case,$16.24,bh_chic_-_14_piece_brush_set_with_cosmetic_case,http://www.bhcosmetics.com/media/catalog/product/cache/1/image/9df78eab33525d08d6e5fb8d27136e95/b/h/bh_chic.jpg,bhcosmetics
StudioProPerfectingSponge,http://www.bhcosmetics.com/brushes/studio-pro-perfecting-sponge,$3.24,studio_pro_perfecting_sponge,http://www.bhcosmetics.com/media/catalog/product/cache/1/image/9df78eab33525d08d6e5fb8d27136e95/s/t/studio_pro_perfecting_sponge_1_.jpg,bhcosmetics
DefiningEyeTrio-3PieceBrushSet,http://www.bhcosmetics.com/brushes/defining-eye-trio-3-piece-brush-set,$3.89,defining_eye_trio_-_3_piece_brush_set,http://www.bhcosmetics.com/media/catalog/product/cache/1/image/9df78eab33525d08d6e5fb8d27136e95/d/e/defining-eye-trio.jpg,bhcosmetics
BrushV7-VeganConcealerBrush,http://www.bhcosmetics.com/brushes/brush-v7-vegan-concealer-brush,$2.27,brush_v7_-_vegan_concealer_brush,http://www.bhcosmetics.com/media/catalog/product/cache/1/image/9df78eab33525d08d6e5fb8d27136e95/v/7/v7_vegan_concealer_brush.jpg,bhcosmetics
QuickChange-BrushCleaner,http://www.bhcosmetics.com/brushes/quick-change,$5.19,quick_change_-_brush_cleaner,http://www.bhcosmetics.com/media/catalog/product/cache/1/image/9df78eab33525d08d6e5fb8d27136e95/q/u/quickchange_open_no_shadow_960x960_72dpi.jpg,bhcosmetics
SculptandBlend2-10PieceBrushSet,http://www.bhcosmetics.com/brushes/sculpt-and-blend-2-10-piece-brush-set,$12.99,sculpt_and_blend_2_-_10_piece_brush_set,http://www.bhcosmetics.com/media/catalog/product/cache/1/image/9df78eab33525d08d6e5fb8d27136e95/s/c/sculptblend_brush_2_set_grp_960x960_72dpi_no_shadow.jpg,bhcosmetics
Brush12-BlendingBrush,http://www.bhcosmetics.com/brushes/blending-brush,$2.27,brush_12_-_blending_brush,http://www.bhcosmetics.com/media/catalog/product/cache/1/image/9df78eab33525d08d6e5fb8d27136e95/b/r/brushes_blendingbrush_detail_960x960_1.jpg,bhcosmetics
SmokeyEyeEssential-7PieceBrushSet,http://www.bhcosmetics.com/brushes/smokey-eye-essential-7-piece-brush-set,$6.49,smokey_eye_essential_-_7_piece_brush_set,http://www.bhcosmetics.com/media/catalog/product/cache/1/image/9df78eab33525d08d6e5fb8d27136e95/s/m/smokey_eye_brushes_group.jpg,bhcosmetics
14pcSignatureBrushSet,http://www.bhcosmetics.com/brushes/14-piece-signature-brush-set,$13.64,14_pc_signature_brush_set,http://www.bhcosmetics.com/media/catalog/product/cache/1/image/9df78eab33525d08d6e5fb8d27136e95/b/r/brushes_14pcsigbrushset_open_960x960_1.jpg,bhcosmetics
EyeEssential-7PieceBrushSet,http://www.bhcosmetics.com/brushes/eye-essential-7-piece-brush-set,$6.49,eye_essential_-_7_piece_brush_set,http://www.bhcosmetics.com/media/catalog/product/cache/1/image/9df78eab33525d08d6e5fb8d27136e95/b/r/brushes_eyeessentialbrushes_960x960.jpg,bhcosmetics
StudioProBrushSet-Face,http://www.bhcosmetics.com/brushes/studio-pro-brush-set-face,$15.99$15.99,studio_pro_brush_set_-_face,http://www.bhcosmetics.com/media/catalog/product/cache/1/image/9df78eab33525d08d6e5fb8d27136e95/s/t/studio_pro_brush_set_face_group.jpg,bhcosmetics
StudioProBrushSet-Eye,http://www.bhcosmetics.com/brushes/studio-pro-brush-set-eye,$9.99$9.99,studio_pro_brush_set_-_eye,http://www.bhcosmetics.com/media/catalog/product/cache/1/image/9df78eab33525d08d6e5fb8d27136e95/s/t/studio_pro_brush_set_eye_group.jpg,bhcosmetics
VeganBrushSet-Eye,http://www.bhcosmetics.com/brushes/vegan-brush-set-eye,$9.99$9.99,vegan_brush_set_-_eye,http://www.bhcosmetics.com/media/catalog/product/cache/1/image/9df78eab33525d08d6e5fb8d27136e95/v/e/vegan_brush_set_eyes_group.jpg,bhcosmetics
StudioProBrush1-DeluxeFan,http://www.bhcosmetics.com/brushes/studio-pro-brush-1-deluxe-fan,$5.84,studio_pro_brush_1_-_deluxe_fan,http://www.bhcosmetics.com/media/catalog/product/cache/1/image/9df78eab33525d08d6e5fb8d27136e95/s/t/studio_pro_brush01_deluxe_fan_ferrule_1.jpg,bhcosmetics
StudioProBrush7-FlatShader,http://www.bhcosmetics.com/brushes/studio-pro-brush-7-flat-shader,$2.59,studio_pro_brush_7_-_flat_shader,http://www.bhcosmetics.com/media/catalog/product/cache/1/image/9df78eab33525d08d6e5fb8d27136e95/s/t/studio_pro_brush07_flat_shader_brush_ferrule_1_1.jpg,bhcosmetics
StudioProBrush9-SmallFlatShader,http://www.bhcosmetics.com/brushes/studio-pro-brush-9-small-flat-shader,$2.59,studio_pro_brush_9_-_small_flat_shader,http://www.bhcosmetics.com/media/catalog/product/cache/1/image/9df78eab33525d08d6e5fb8d27136e95/s/t/studio_pro_brush09_small_flat_shader_brush_ferrule_1_1.jpg,bhcosmetics
BrushV10-VeganBrowDuoBrush,http://www.bhcosmetics.com/brushes/brush-v10-vegan-brow-duo-brush,$2.59,brush_v10_-_vegan_brow_duo_brush,http://www.bhcosmetics.com/media/catalog/product/cache/1/image/9df78eab33525d08d6e5fb8d27136e95/v/1/v10_vegan_brow_duo_brush_01.jpg,bhcosmetics
Brush16-DeluxeFanBrush,http://www.bhcosmetics.com/brushes/deluxe-fan-brush,$5.52,brush_16_-_deluxe_fan_brush,http://www.bhcosmetics.com/media/catalog/product/cache/1/image/9df78eab33525d08d6e5fb8d27136e95/b/r/brushes_deluxefanbrush_closeup_960x960.jpg,bhcosmetics
Brush21-AngledDefinerBrush,http://www.bhcosmetics.com/brushes/angled-definer-brush,$1.94,brush_21_-_angled_definer_brush,http://www.bhcosmetics.com/media/catalog/product/cache/1/image/9df78eab33525d08d6e5fb8d27136e95/b/r/brushes_angleddefinerbrush_closeup_960x960.jpg,bhcosmetics
Brush28-SpooleyBrush,http://www.bhcosmetics.com/brushes/spooley-brush,$1.94,brush_28_-_spooley_brush,http://www.bhcosmetics.com/media/catalog/product/cache/1/image/9df78eab33525d08d6e5fb8d27136e95/b/r/brushes_spooleybrush_detail_960x960.jpg,bhcosmetics
CarliBybelDeluxeEdition-21ColorEyeshadow&amp;HighlighterPalette,http://www.bhcosmetics.com/face/carli-bybel-deluxe-edition-21-color-eyeshadow-highlighter-palette,$16.87,carli_bybel_deluxe_edition_-_21_color_eyeshadow_&amp;_highlighter_palette,http://www.bhcosmetics.com/media/catalog/product/cache/1/image/9df78eab33525d08d6e5fb8d27136e95/c/a/carli_bybel_deluxe_palette_open.jpg,bhcosmetics
BlushedNeutrals-26ColorEyeshadowandBlushPalette,http://www.bhcosmetics.com/face/blushed-neutrals-palette,$9.74,blushed_neutrals_-_26_color_eyeshadow_and_blush_palette,http://www.bhcosmetics.com/media/catalog/product/cache/1/image/9df78eab33525d08d6e5fb8d27136e95/e/y/eyesface_blushedneutrals_above_960x960_1.jpg,bhcosmetics
BlacklightHighlight-6ColorPalette,http://www.bhcosmetics.com/face/blacklight-highlight-6-color-palette,$11.04,blacklight_highlight_-_6_color_palette,http://www.bhcosmetics.com/media/catalog/product/cache/1/image/9df78eab33525d08d6e5fb8d27136e95/b/l/black_light_highlight_6_color_palette_open_flat_1.jpg,bhcosmetics
SpotlightHighlight-6ColorPalette,http://www.bhcosmetics.com/face/spotlight-highlight-6-color-palette,$11.04,spotlight_highlight_-_6_color_palette,http://www.bhcosmetics.com/media/catalog/product/cache/1/image/9df78eab33525d08d6e5fb8d27136e95/s/p/spot_light_highlight_6_color_palette_open_flat_1.jpg,bhcosmetics
ClassicBlush-10ColorPalette,http://www.bhcosmetics.com/face/classic-blush-palette,$6.49,classic_blush_-_10_color_palette,http://www.bhcosmetics.com/media/catalog/product/cache/1/image/9df78eab33525d08d6e5fb8d27136e95/c/l/classic_blush_10_color_blush_palette_three_quater_open_1.jpg,bhcosmetics
StudioProContourPalette,http://www.bhcosmetics.com/face/studio-pro-contour-palette,$9.09,studio_pro_contour_palette,http://www.bhcosmetics.com/media/catalog/product/cache/1/image/9df78eab33525d08d6e5fb8d27136e95/s/t/studiopro_contourpalette_above_960x960_72dpi_no_shadow.jpg,bhcosmetics
GlamorousBlush-10ColorBlushPalette,http://www.bhcosmetics.com/face/glamorous-blush,$6.49,glamorous_blush_-_10_color_blush_palette,http://www.bhcosmetics.com/media/catalog/product/cache/1/image/9df78eab33525d08d6e5fb8d27136e95/g/l/glamorous_blush_update.jpg,bhcosmetics
NudeBlush-10ColorBlushPalette,http://www.bhcosmetics.com/face/nude-blush-10-color-blush-palette,$6.49,nude_blush_-_10_color_blush_palette,http://www.bhcosmetics.com/media/catalog/product/cache/1/image/9df78eab33525d08d6e5fb8d27136e95/n/u/nudeblush_palette_openabove_1.jpg,bhcosmetics
ProfessionalBlush-10ColorBlushPalette,http://www.bhcosmetics.com/face/professional-blush,$6.49,professional_blush_-_10_color_blush_palette,http://www.bhcosmetics.com/media/catalog/product/cache/1/image/9df78eab33525d08d6e5fb8d27136e95/p/r/professional_blush.jpg,bhcosmetics
FloralBlush-DuoCheekColor,http://www.bhcosmetics.com/face/floral-blush-duo-cheek-color,$3.89 $3.89,floral_blush_-_duo_cheek_color,http://www.bhcosmetics.com/media/catalog/product/cache/1/image/9df78eab33525d08d6e5fb8d27136e95/f/l/floral_blushes_group_three_02.jpg,bhcosmetics
IlluminateByAshleyTisdale:NightGoddess-12ColorEye&amp;CheekCollection,http://www.bhcosmetics.com/face/night-goddess-12-color-eye-cheek-collection,$7.79,illuminate_by_ashley_tisdale:_night_goddess_-12_color_eye_&amp;_cheek_collection,http://www.bhcosmetics.com/media/catalog/product/cache/1/image/9df78eab33525d08d6e5fb8d27136e95/i/l/illuminate_nightgoddess_palette_above_noshadow_960x960_72dpi.jpg,bhcosmetics
IlluminatebyAshleyTisdale12ColorEyeshadowPalette-Goddess,http://www.bhcosmetics.com/face/illuminate-by-ashley-tisdale-12-color-eyeshadow-palette-goddess,$8.44,illuminate_by_ashley_tisdale_12_color_eyeshadow_palette_-_goddess,http://www.bhcosmetics.com/media/catalog/product/cache/1/image/9df78eab33525d08d6e5fb8d27136e95/a/s/ashley_tisdale_illuminate_goddess_open_flat_960x960_1.jpg,bhcosmetics
"BronzeParadise-Eyeshadow,Bronzer&amp;HighlighterPalette",http://www.bhcosmetics.com/face/bronze-paradise-eyeshadow-bronzer-highlighter-palette,$7.79,"bronze_paradise_-_eyeshadow,_bronzer_&amp;_highlighter_palette",http://www.bhcosmetics.com/media/catalog/product/cache/1/image/9df78eab33525d08d6e5fb8d27136e95/b/r/bronze_paradise_open_full.jpg,bhcosmetics
ForeverNudeSculpt&amp;GlowContouringKits,http://www.bhcosmetics.com/face/forever-nude-sculpt-and-glow,$7.79 $7.79,forever_nude_sculpt_&amp;_glow_contouring_kits,http://www.bhcosmetics.com/media/catalog/product/cache/1/image/9df78eab33525d08d6e5fb8d27136e95/f/a/face_foreversculptandglow_group2_960x960.jpg,bhcosmetics
NudeRoseSculpt&amp;GlowPalette,http://www.bhcosmetics.com/face/nude-rose-sculpt-glow,$7.79,nude_rose_sculpt_&amp;_glow_palette,http://www.bhcosmetics.com/media/catalog/product/cache/1/image/9df78eab33525d08d6e5fb8d27136e95/n/u/nude_rose_sculpt___glow_flat.jpg,bhcosmetics
GlitterCollection,http://www.bhcosmetics.com/face/glitter-collection,$3.89 $3.89,glitter_collection,http://www.bhcosmetics.com/media/catalog/product/cache/1/image/9df78eab33525d08d6e5fb8d27136e95/g/l/glitter_collection_3_combo_group.jpg,bhcosmetics
Wild&amp;RadiantBakedIlluminating&amp;BronzingPalette,http://www.bhcosmetics.com/face/wild-radiant,$7.47,wild_&amp;_radiant_baked_illuminating_&amp;_bronzing_palette,http://www.bhcosmetics.com/media/catalog/product/cache/1/image/9df78eab33525d08d6e5fb8d27136e95/w/i/wildradiant_palette_open_960x960.jpg,bhcosmetics
StudioProTotalCoverageConcealer,http://www.bhcosmetics.com/face/studio-pro-total-coverage-concealer,$3.89 $3.89,studio_pro_total_coverage_concealer,http://www.bhcosmetics.com/media/catalog/product/cache/1/image/9df78eab33525d08d6e5fb8d27136e95/s/p/sptcc_group_v2.jpg,bhcosmetics
BHLiquidFoundation-NaturallyFlawless,http://www.bhcosmetics.com/face/bh-liquid-foundation-naturally-flawless,$5.84 $5.84,bh_liquid_foundation_-_naturally_flawless,http://www.bhcosmetics.com/media/catalog/product/cache/1/image/9df78eab33525d08d6e5fb8d27136e95/b/h/bh_liquid_foundation_naturally_flawwless_group_trio_cap_on.jpg,bhcosmetics
StudioProMatteFinishPressedPowder,http://www.bhcosmetics.com/face/bh-studio-pro-matte-finish-pressed-powder,$5.19 $5.19,studio_pro_matte_finish_pressed_powder,http://www.bhcosmetics.com/media/catalog/product/cache/1/image/9df78eab33525d08d6e5fb8d27136e95/f/a/face_studiopromattefinish_grp2_960x960.jpg,bhcosmetics
StudioProMattifyingFacePrimer,http://www.bhcosmetics.com/face/studio-pro-mattifying-face-primer,$7.79,studio_pro_mattifying_face_primer,http://www.bhcosmetics.com/media/catalog/product/cache/1/image/9df78eab33525d08d6e5fb8d27136e95/s/t/studio_pro_mattifying_face_primer.jpg,bhcosmetics
StudioProFoundationPrimer,http://www.bhcosmetics.com/face/bh-studio-pro-foundation-primer,$6.17,studio_pro_foundation_primer,http://www.bhcosmetics.com/media/catalog/product/cache/1/image/9df78eab33525d08d6e5fb8d27136e95/f/a/face_foundationprimer_960x960_1.jpg,bhcosmetics
StudioProMakeupSettingSpray,http://www.bhcosmetics.com/face/studio-pro-makeup-setting-spray,$6.49,studio_pro_makeup_setting_spray,http://www.bhcosmetics.com/media/catalog/product/cache/1/image/9df78eab33525d08d6e5fb8d27136e95/a/c/accessories_makeupsettingspray_960x960.jpg,bhcosmetics
StudioProCreamContourPalette,http://www.bhcosmetics.com/face/studio-pro-cream-contour-palette,$9.09,studio_pro_cream_contour_palette,http://www.bhcosmetics.com/media/catalog/product/cache/1/image/9df78eab33525d08d6e5fb8d27136e95/s/t/studio_pro_cream_contour_palette_open_flat.jpg,bhcosmetics
StudioProAnti-Shine,http://www.bhcosmetics.com/face/bh-studio-pro-anti-shine,$6.49,studio_pro_anti-shine,http://www.bhcosmetics.com/media/catalog/product/cache/1/image/9df78eab33525d08d6e5fb8d27136e95/f/a/face_antishineprimer_960x960.jpg,bhcosmetics
6ColorConcealer&amp;CorrectorPalette,http://www.bhcosmetics.com/face/6-color-concealer-corrector-palette,$4.54 $4.54,6_color_concealer_&amp;_corrector_palette,http://www.bhcosmetics.com/media/catalog/product/cache/1/image/9df78eab33525d08d6e5fb8d27136e95/6/c/6colorconcealer.jpg,bhcosmetics
BHPerfectingPrimer-MultitaskingPrimerStick,http://www.bhcosmetics.com/face/bh-perfecting-primer-multitasking-primer-stick,$7.14 $7.14,bh_perfecting_primer_-_multitasking_primer_stick,http://www.bhcosmetics.com/media/catalog/product/cache/1/image/9df78eab33525d08d6e5fb8d27136e95/p/e/perfecting_primer_group.jpg,bhcosmetics
StudioProPrecisionSponge,http://www.bhcosmetics.com/face/studio-pro-precision-sponge,$3.24,studio_pro_precision_sponge,http://www.bhcosmetics.com/media/catalog/product/cache/1/image/9df78eab33525d08d6e5fb8d27136e95/s/t/studio_pro_precision_sponge_front_02.jpg,bhcosmetics
StudioProBeautySponge,http://www.bhcosmetics.com/face/studio-pro-beauty-sponge,$3.24,studio_pro_beauty_sponge,http://www.bhcosmetics.com/media/catalog/product/cache/1/image/9df78eab33525d08d6e5fb8d27136e95/s/p/sponge_1.jpg,bhcosmetics
Foundation&amp;ConcealerPalette,http://www.bhcosmetics.com/face/foundation-and-concealer-palette,$4.99 $4.99,foundation_&amp;_concealer_palette,http://www.bhcosmetics.com/media/catalog/product/cache/1/image/9df78eab33525d08d6e5fb8d27136e95/f/o/foundationconcealer_palettes.jpg,bhcosmetics
StudioProPerfectingConcealer,http://www.bhcosmetics.com/face/studio-pro-perfecting-concealer,$2.25 $2.25,studio_pro_perfecting_concealer,http://www.bhcosmetics.com/media/catalog/product/cache/1/image/9df78eab33525d08d6e5fb8d27136e95/p/e/perfectingconcealer_group_960x960.jpg,bhcosmetics
IlluminateByAshleyTisdale:CreamCheek&amp;LipTint,http://www.bhcosmetics.com/face/cream-cheek-lip-tint,$2.50 $2.50,illuminate_by_ashley_tisdale:_cream_cheek_&amp;_lip_tint,http://www.bhcosmetics.com/media/catalog/product/cache/1/image/9df78eab33525d08d6e5fb8d27136e95/i/l/illuminate_creamcheek_liptint_grp_960x960.jpg,bhcosmetics
bhPartyGirlLoosePigmentEyeshadow,http://www.bhcosmetics.com/face/party-girl-loose-pigment-eyeshadow,$1.99 $1.99,bh_party_girl_loose_pigment_eyeshadow,http://www.bhcosmetics.com/media/catalog/product/cache/1/image/9df78eab33525d08d6e5fb8d27136e95/r/e/revised_eyes_partygirllooseshadow_noway_swatch_960x960_1.jpg,bhcosmetics
IlluminateByAshleyTisdale-BodyBronzer,http://www.bhcosmetics.com/face/illuminate-by-ashley-tisdale-body-bronzer,$3.49 $3.49,illuminate_by_ashley_tisdale_-_body_bronzer,http://www.bhcosmetics.com/media/catalog/product/cache/1/image/9df78eab33525d08d6e5fb8d27136e95/i/l/illuminating_body_bronzer_group2_1.jpg,bhcosmetics
"ItsMyRayeRaye-21ColorEyeshadow,Highlighter&amp;Contour",http://www.bhcosmetics.com/face/itsmyrayeraye-21-color-eyeshadow-highlighter-contour,$16.87,"itsmyrayeraye_-_21_color_eyeshadow,_highlighter_&amp;_contour",http://www.bhcosmetics.com/media/catalog/product/cache/1/image/9df78eab33525d08d6e5fb8d27136e95/i/t/it_s_my_raye_raye_21_color_eyeshadow_-highlighter__contour_palette_hero_open.jpg,bhcosmetics
Wild&amp;Alluring-BakedEyeshadow&amp;HighlighterPalette,http://www.bhcosmetics.com/face/wild-alluring-baked-eyeshadow-highlighter-palette,$7.79,wild_&amp;_alluring_-_baked_eyeshadow_&amp;_highlighter_palette,http://www.bhcosmetics.com/media/catalog/product/cache/1/image/9df78eab33525d08d6e5fb8d27136e95/w/i/wildnalluring_flat_open_no_shadow_960x960_72dpi.jpg,bhcosmetics
StudioProPerfectingSponge,http://www.bhcosmetics.com/face/studio-pro-perfecting-sponge,$3.24,studio_pro_perfecting_sponge,http://www.bhcosmetics.com/media/catalog/product/cache/1/image/9df78eab33525d08d6e5fb8d27136e95/s/t/studio_pro_perfecting_sponge_1_.jpg,bhcosmetics
NudeRoseHighlight-4ColorHighlighterPalette,http://www.bhcosmetics.com/face/nude-rose-highlight-4-color-highlight-palette,$7.79,nude_rose_highlight_-_4_color_highlighter_palette,http://www.bhcosmetics.com/media/catalog/product/cache/1/image/9df78eab33525d08d6e5fb8d27136e95/n/u/nude_rose_highlight_flat_1.jpg,bhcosmetics
BlushedToGo-4ColorBlushPalette,http://www.bhcosmetics.com/face/blushed-to-go,$3.24,blushed_to_go_-_4_color_blush_palette,http://www.bhcosmetics.com/media/catalog/product/cache/1/image/9df78eab33525d08d6e5fb8d27136e95/b/l/blush_to_go_three_quarter_open_1.jpg,bhcosmetics
SpecialOccasion-39ColorEyeshadow&amp;BlushPalette,http://www.bhcosmetics.com/face/39-color-special-occasion-new,$7.79,special_occasion_-_39_color_eyeshadow_&amp;_blush_palette,http://www.bhcosmetics.com/media/catalog/product/cache/1/image/9df78eab33525d08d6e5fb8d27136e95/e/y/eyes_specialoccasion_palette_angled_new_960x960_2.jpg,bhcosmetics
IlluminateByAshleyTisdale:BeachGoddess-12ColorEye&amp;CheekCollection,http://www.bhcosmetics.com/face/beach-goddess-12-color-eye-cheek-collection,$7.14,illuminate_by_ashley_tisdale:_beach_goddess_-_12_color_eye_&amp;_cheek_collection,http://www.bhcosmetics.com/media/catalog/product/cache/1/image/9df78eab33525d08d6e5fb8d27136e95/i/l/illuminate_beachgoddess_palette_above_noshadow_960x960_72dpi.jpg,bhcosmetics
BHLiquidLipstick-Long-WearingMatteLipstick,http://www.bhcosmetics.com/lips/bh-liquid-lipstick-long-wearing-matte-lipstick,$5.84 $5.84,bh_liquid_lipstick_-_long-wearing_matte_lipstick,http://www.bhcosmetics.com/media/catalog/product/cache/1/image/9df78eab33525d08d6e5fb8d27136e95/b/h/bh_liquidlipstick_lust_closed.jpg,bhcosmetics
BHMetallicLiquidLipstick,http://www.bhcosmetics.com/lips/bh-metallic-liquid-lipstick,$5.19 $5.19,bh_metallic_liquid_lipstick,http://www.bhcosmetics.com/media/catalog/product/cache/1/image/9df78eab33525d08d6e5fb8d27136e95/m/e/metallic_liquid_lipstick__trio_group_shot.jpg,bhcosmetics
LuxeLacquer-VividColorLipstick,http://www.bhcosmetics.com/lips/luxe-lacquer,$3.89 $3.89,luxe_lacquer_-_vivid_color_lipstick,http://www.bhcosmetics.com/media/catalog/product/cache/1/image/9df78eab33525d08d6e5fb8d27136e95/l/u/luxe_lacquer_group_2.jpg,bhcosmetics
NudeLips-28ColorLipstickPalette,http://www.bhcosmetics.com/lips/nude-lips-28-color-lipstick-palette,$8.12,nude_lips_-_28_color_lipstick_palette,http://www.bhcosmetics.com/media/catalog/product/cache/1/image/9df78eab33525d08d6e5fb8d27136e95/n/u/nudelips_28color_palette_above_no_shadow_960x960_72dpi.jpg,bhcosmetics
NudeRoseLipGloss-HighShineGloss,http://www.bhcosmetics.com/lips/nude-rose-lip-gloss-high-shine-gloss,$3.89 $3.89,nude_rose_lip_gloss_-_high_shine_gloss,http://www.bhcosmetics.com/media/catalog/product/cache/1/image/9df78eab33525d08d6e5fb8d27136e95/n/u/nude_rose_lip_gloss_01_combo_1.jpg,bhcosmetics
WaterproofLipLiner,http://www.bhcosmetics.com/lips/waterproof-lip-liner-update,$3.24 $3.24,waterproof_lip_liner,http://www.bhcosmetics.com/media/catalog/product/cache/1/image/9df78eab33525d08d6e5fb8d27136e95/l/i/lips_waterprooflipliner_grp_960x960.jpg,bhcosmetics
ColorLockLongLastingMatteLipstick,http://www.bhcosmetics.com/lips/color-lock-long-lasting-matte-lipstick,$3.57 $3.57,color_lock_long_lasting_matte_lipstick,http://www.bhcosmetics.com/media/catalog/product/cache/1/image/9df78eab33525d08d6e5fb8d27136e95/c/o/colorlock_lipstick_nationallipstickday_072516.jpg,bhcosmetics
IlluminatebyAshleyTisdaleLiquidLipstick,http://www.bhcosmetics.com/lips/illuminate-by-ashley-tisdale-liquid-lipstick,$4.54 $4.54,illuminate_by_ashley_tisdale_liquid_lipstick,http://www.bhcosmetics.com/media/catalog/product/cache/1/image/9df78eab33525d08d6e5fb8d27136e95/i/l/illuminate_by_ashley_liquid_lipsticks_september_group.jpg,bhcosmetics
IlluminateByAshleyTisdale:EnhancingLipGloss,http://www.bhcosmetics.com/lips/enhancing-lip-gloss,$2.50 $2.50,illuminate_by_ashley_tisdale:_enhancing_lip_gloss,http://www.bhcosmetics.com/media/catalog/product/cache/1/image/9df78eab33525d08d6e5fb8d27136e95/_/i/_illuminate_enhancinglipgloss_group02.jpg,bhcosmetics
StudioProEye&amp;LipMakeupRemover,http://www.bhcosmetics.com/lips/studio-pro-eye-lip-makeup-remover,$3.89,studio_pro_eye_&amp;_lip_makeup_remover,http://www.bhcosmetics.com/media/catalog/product/cache/1/image/9df78eab33525d08d6e5fb8d27136e95/s/p/sp_eye___lip_remover_bottle_final.jpg,bhcosmetics
BHLipSet-RebelReds,http://www.bhcosmetics.com/lips/bh-lip-set-rebel-reds,$14.99$14.99,bh_lip_set_-_rebel_reds,http://www.bhcosmetics.com/media/catalog/product/cache/1/image/9df78eab33525d08d6e5fb8d27136e95/_/e/_ee3aa3f0daf79887806661995c61006e6a6435a08534551b95_pimgpsh_fullsize_distr.jpg,bhcosmetics
BHLipSet-BashfulBrowns,http://www.bhcosmetics.com/lips/bh-lip-set-bashful-browns,$14.99$14.99,bh_lip_set_-_bashful_browns,http://www.bhcosmetics.com/media/catalog/product/cache/1/image/9df78eab33525d08d6e5fb8d27136e95/l/i/lip_set_bashful_browns.jpg,bhcosmetics
BHLipSet-SassyColors,http://www.bhcosmetics.com/lips/bh-lip-set-sassy-summer-colors,$14.99$14.99,bh_lip_set_-_sassy_colors,http://www.bhcosmetics.com/media/catalog/product/cache/1/image/9df78eab33525d08d6e5fb8d27136e95/l/i/lip_set_sassy_summer-2.jpg,bhcosmetics
BHLipSet-PassionatePinks,http://www.bhcosmetics.com/lips/bh-lip-set-passionate-pinks,$14.99$14.99,bh_lip_set_-_passionate_pinks,http://www.bhcosmetics.com/media/catalog/product/cache/1/image/9df78eab33525d08d6e5fb8d27136e95/l/i/lip_set_passionate_pinks_1.jpg,bhcosmetics
BHLipSet-PoppyPurples,http://www.bhcosmetics.com/lips/bh-lip-set-poppy-purples,$14.99$14.99,bh_lip_set_-_poppy_purples,http://www.bhcosmetics.com/media/catalog/product/cache/1/image/9df78eab33525d08d6e5fb8d27136e95/u/p/updated_lip_set_poppy_purples.jpg,bhcosmetics
BHLipKit:Endora,http://www.bhcosmetics.com/lips/bh-lip-kit-endora-bundle,$12.95$12.95,bh_lip_kit:_endora,http://www.bhcosmetics.com/media/catalog/product/cache/1/image/9df78eab33525d08d6e5fb8d27136e95/b/h/bh_lip_kit_endora._1.jpg,bhcosmetics
BHLipKit:Sandy,http://www.bhcosmetics.com/lips/bh-lip-kit-sandy-bundle,$12.95$12.95,bh_lip_kit:_sandy,http://www.bhcosmetics.com/media/catalog/product/cache/1/image/9df78eab33525d08d6e5fb8d27136e95/b/h/bh_lip_kit_sandy._1.jpg,bhcosmetics
BHLipKit:Sorbet,http://www.bhcosmetics.com/lips/bh-lip-kit-sorbet-bundle,$12.95$12.95,bh_lip_kit:_sorbet,http://www.bhcosmetics.com/media/catalog/product/cache/1/image/9df78eab33525d08d6e5fb8d27136e95/b/h/bh_lip_kit_sorbet._1.jpg,bhcosmetics
BHLipKit:Glory,http://www.bhcosmetics.com/lips/bh-lip-kit-glory,$12.95$12.95,bh_lip_kit:_glory,http://www.bhcosmetics.com/media/catalog/product/cache/1/image/9df78eab33525d08d6e5fb8d27136e95/b/h/bh_lip_kit_glory._1.jpg,bhcosmetics
BHLipKit:Serena,http://www.bhcosmetics.com/lips/bh-lip-kit-serena,$12.95$12.95,bh_lip_kit:_serena,http://www.bhcosmetics.com/media/catalog/product/cache/1/image/9df78eab33525d08d6e5fb8d27136e95/b/h/bh_lip_kit_serena_stripped.jpg,bhcosmetics
BHLipKit:Muse,http://www.bhcosmetics.com/lips/bh-lip-kit-muse,$12.95$12.95,bh_lip_kit:_muse,http://www.bhcosmetics.com/media/catalog/product/cache/1/image/9df78eab33525d08d6e5fb8d27136e95/b/h/bh_lip_kit_muse.jpg,bhcosmetics
BHLipKit:Lust,http://www.bhcosmetics.com/lips/bh-lip-kit-lust,$12.95$12.95,bh_lip_kit:_lust,http://www.bhcosmetics.com/media/catalog/product/cache/1/image/9df78eab33525d08d6e5fb8d27136e95/b/h/bh_lip_kit_lust_spice_2.jpg,bhcosmetics
BHLipKit:Tabitha,http://www.bhcosmetics.com/lips/bh-lip-kit-tabitha,$12.95$12.95,bh_lip_kit:_tabitha,http://www.bhcosmetics.com/media/catalog/product/cache/1/image/9df78eab33525d08d6e5fb8d27136e95/b/h/bh_lip_kit_tabitha_petal.jpg,bhcosmetics
BHLipKit:Clara,http://www.bhcosmetics.com/lips/bh-lip-kit-clara,$12.95$12.95,bh_lip_kit:_clara,http://www.bhcosmetics.com/media/catalog/product/cache/1/image/9df78eab33525d08d6e5fb8d27136e95/b/h/bh_lip_kit_clara_nude..jpg,bhcosmetics
BHLipKit:Samantha,http://www.bhcosmetics.com/lips/bh-lip-kit-samantha,$12.95$12.95,bh_lip_kit:_samantha,http://www.bhcosmetics.com/media/catalog/product/cache/1/image/9df78eab33525d08d6e5fb8d27136e95/b/h/bh_lip_kit_samanthal.jpg,bhcosmetics
CremeLuxeLipstick,http://www.bhcosmetics.com/lips/lip-stick,$1.99 $1.99,creme_luxe_lipstick,http://www.bhcosmetics.com/media/catalog/product/cache/1/image/9df78eab33525d08d6e5fb8d27136e95/l/i/lips_cremeluxelipstick_grp_960x960.jpg,bhcosmetics
PopArtLipstick-ExtremeLipColor,http://www.bhcosmetics.com/lips/pop-art-lipstick-extreme-lip-color,$1.99 $1.99,pop_art_lipstick_-_extreme_lip_color,http://www.bhcosmetics.com/media/catalog/product/cache/1/image/9df78eab33525d08d6e5fb8d27136e95/p/o/popart_lipstick_grp_-_3_shades_960x960_72dpi.jpg,bhcosmetics
IlluminateByAshleyTisdale:CreamCheek&amp;LipTint,http://www.bhcosmetics.com/lips/cream-cheek-lip-tint,$2.50 $2.50,illuminate_by_ashley_tisdale:_cream_cheek_&amp;_lip_tint,http://www.bhcosmetics.com/media/catalog/product/cache/1/image/9df78eab33525d08d6e5fb8d27136e95/i/l/illuminate_creamcheek_liptint_grp_960x960.jpg,bhcosmetics
LipsToGoPalettes-6ColorLipstickPalettes,http://www.bhcosmetics.com/lips/lips-to-go-palettes-6-color-lipstick-palettes,$3.24,lips_to_go_palettes_-_6_color_lipstick_palettes,http://www.bhcosmetics.com/media/catalog/product/cache/1/image/9df78eab33525d08d6e5fb8d27136e95/t/e/test6.jpg,bhcosmetics
FlawlessBrowTrio,http://www.bhcosmetics.com/brows/flawless-brow-trio,$4.22 $4.22,flawless_brow_trio,http://www.bhcosmetics.com/media/catalog/product/cache/1/image/9df78eab33525d08d6e5fb8d27136e95/e/y/eyes_flawlessbrowtrio_d_grp_960x960.jpg,bhcosmetics
StudioProTweezers,http://www.bhcosmetics.com/brows/studio-pro-tweezers,$3.24,studio_pro_tweezers,http://www.bhcosmetics.com/media/catalog/product/cache/1/image/9df78eab33525d08d6e5fb8d27136e95/b/h/bh_studio_pro_tweezers_closed_1.jpg,bhcosmetics
FlawlessBrowGel,http://www.bhcosmetics.com/brows/flawless-brow-gel,$4.54 $4.54,flawless_brow_gel,http://www.bhcosmetics.com/media/catalog/product/cache/1/image/9df78eab33525d08d6e5fb8d27136e95/e/y/eyes_flawlesseyebrowgel_grp.jpg,bhcosmetics
StudioProHDBrowPencil,http://www.bhcosmetics.com/brows/studio-pro-hd-brow-pencil,$4.54 $4.54,studio_pro_hd_brow_pencil,http://www.bhcosmetics.com/media/catalog/product/cache/1/image/9df78eab33525d08d6e5fb8d27136e95/h/d/hd_browpencil_grp_960x960.jpg,bhcosmetics
StudioProWaterproofBrowPomade,http://www.bhcosmetics.com/brows/studio-pro-waterproof-brow-pomade,$5.84 $5.84,studio_pro_waterproof_brow_pomade,http://www.bhcosmetics.com/media/catalog/product/cache/1/image/9df78eab33525d08d6e5fb8d27136e95/s/t/studio_pro_brow_pomade_group_of_three.jpg,bhcosmetics
StudioProUltimateBrowPalette,http://www.bhcosmetics.com/brows/studio-pro-ultimate-brow-palette,$11.04,studio_pro_ultimate_brow_palette,http://www.bhcosmetics.com/media/catalog/product/cache/1/image/9df78eab33525d08d6e5fb8d27136e95/u/l/ultimatebrow_palette_above_web.jpg,bhcosmetics
FlawlessBrowHighlighter,http://www.bhcosmetics.com/brows/flawless-brow-highlighter,$3.24,flawless_brow_highlighter,http://www.bhcosmetics.com/media/catalog/product/cache/1/image/9df78eab33525d08d6e5fb8d27136e95/e/y/eyes_eyebrowhighlighter_open_960x960.jpg,bhcosmetics
FlawlessBrowPencil,http://www.bhcosmetics.com/brows/flawless-brow-pencil,$2.59 $2.59,flawless_brow_pencil,http://www.bhcosmetics.com/media/catalog/product/cache/1/image/9df78eab33525d08d6e5fb8d27136e95/e/y/eyes_flawlessbrowpencil_grp.jpg,bhcosmetics
StudioProUltimateNeutrals-42ColorShadowPalette,http://www.bhcosmetics.com/studio-pro/studio-pro-ultimate-neutrals-42-color-shadow-palette,$14.94,studio_pro_ultimate_neutrals_-_42_color_shadow_palette,http://www.bhcosmetics.com/media/catalog/product/cache/1/image/9df78eab33525d08d6e5fb8d27136e95/s/t/studio_pro_ultimate_nuetrals-_42_color_eyeshadow_palette_three_quarter_open_w_overlay.jpg,bhcosmetics
StudioProDualEffectWet/DryEyeshadowPalette:Universal,http://www.bhcosmetics.com/studio-pro/studio-pro-dual-effect-wet-dry-eyeshadow-palette,$7.14,studio_pro_dual_effect_wet/dry_eyeshadow_palette:_universal,http://www.bhcosmetics.com/media/catalog/product/cache/1/image/9df78eab33525d08d6e5fb8d27136e95/s/t/studio_pro_dual_effect_eyeshadow_palette__open_flat.jpg,bhcosmetics
StudioProUltimateArtistry-42ColorShadowPalette,http://www.bhcosmetics.com/studio-pro/studio-pro-ultimate-artistry-42-color-shadow-palette,$14.29,studio_pro_ultimate_artistry_-_42_color_shadow_palette,http://www.bhcosmetics.com/media/catalog/product/cache/1/image/9df78eab33525d08d6e5fb8d27136e95/s/t/studio_pro_ultimate_artistry-_42_color_eyeshadow_palette_three_quarter_open_w_overlay.jpg,bhcosmetics
StudioProDualEffectWet/DryEyeshadowPalette:Titanium,http://www.bhcosmetics.com/studio-pro/studio-pro-dual-effect-wet-dry-eyeshadow-palette-titanium,$7.14,studio_pro_dual_effect_wet/dry_eyeshadow_palette:_titanium,http://www.bhcosmetics.com/media/catalog/product/cache/1/image/9df78eab33525d08d6e5fb8d27136e95/s/t/studioproplatte_open_960x960_1.jpg,bhcosmetics
StudioProMatteFinishPressedPowder,http://www.bhcosmetics.com/studio-pro/bh-studio-pro-matte-finish-pressed-powder,$5.19 $5.19,studio_pro_matte_finish_pressed_powder,http://www.bhcosmetics.com/media/catalog/product/cache/1/image/9df78eab33525d08d6e5fb8d27136e95/f/a/face_studiopromattefinish_grp2_960x960.jpg,bhcosmetics
StudioProWaterproofBrowPomade,http://www.bhcosmetics.com/studio-pro/studio-pro-waterproof-brow-pomade,$5.84 $5.84,studio_pro_waterproof_brow_pomade,http://www.bhcosmetics.com/media/catalog/product/cache/1/image/9df78eab33525d08d6e5fb8d27136e95/s/t/studio_pro_brow_pomade_group_of_three.jpg,bhcosmetics
StudioProUltimateBrowPalette,http://www.bhcosmetics.com/studio-pro/studio-pro-ultimate-brow-palette,$11.04,studio_pro_ultimate_brow_palette,http://www.bhcosmetics.com/media/catalog/product/cache/1/image/9df78eab33525d08d6e5fb8d27136e95/u/l/ultimatebrow_palette_above_web.jpg,bhcosmetics
StudioProHDBrowPencil,http://www.bhcosmetics.com/studio-pro/studio-pro-hd-brow-pencil,$4.54 $4.54,studio_pro_hd_brow_pencil,http://www.bhcosmetics.com/media/catalog/product/cache/1/image/9df78eab33525d08d6e5fb8d27136e95/h/d/hd_browpencil_grp_960x960.jpg,bhcosmetics
StudioProBeautySponge,http://www.bhcosmetics.com/studio-pro/studio-pro-beauty-sponge,$3.24,studio_pro_beauty_sponge,http://www.bhcosmetics.com/media/catalog/product/cache/1/image/9df78eab33525d08d6e5fb8d27136e95/s/p/sponge_1.jpg,bhcosmetics
StudioProPerfectingSponge,http://www.bhcosmetics.com/studio-pro/studio-pro-perfecting-sponge,$3.24,studio_pro_perfecting_sponge,http://www.bhcosmetics.com/media/catalog/product/cache/1/image/9df78eab33525d08d6e5fb8d27136e95/s/t/studio_pro_perfecting_sponge_1_.jpg,bhcosmetics
StudioProPrecisionSponge,http://www.bhcosmetics.com/studio-pro/studio-pro-precision-sponge,$3.24,studio_pro_precision_sponge,http://www.bhcosmetics.com/media/catalog/product/cache/1/image/9df78eab33525d08d6e5fb8d27136e95/s/t/studio_pro_precision_sponge_front_02.jpg,bhcosmetics
StudioProContourPalette,http://www.bhcosmetics.com/studio-pro/studio-pro-contour-palette,$9.09,studio_pro_contour_palette,http://www.bhcosmetics.com/media/catalog/product/cache/1/image/9df78eab33525d08d6e5fb8d27136e95/s/t/studiopro_contourpalette_above_960x960_72dpi_no_shadow.jpg,bhcosmetics
StudioProCreamContourPalette,http://www.bhcosmetics.com/studio-pro/studio-pro-cream-contour-palette,$9.09,studio_pro_cream_contour_palette,http://www.bhcosmetics.com/media/catalog/product/cache/1/image/9df78eab33525d08d6e5fb8d27136e95/s/t/studio_pro_cream_contour_palette_open_flat.jpg,bhcosmetics
StudioProTotalCoverageConcealer,http://www.bhcosmetics.com/studio-pro/studio-pro-total-coverage-concealer,$3.89 $3.89,studio_pro_total_coverage_concealer,http://www.bhcosmetics.com/media/catalog/product/cache/1/image/9df78eab33525d08d6e5fb8d27136e95/s/p/sptcc_group_v2.jpg,bhcosmetics
StudioProFoundationPrimer,http://www.bhcosmetics.com/studio-pro/bh-studio-pro-foundation-primer,$6.17,studio_pro_foundation_primer,http://www.bhcosmetics.com/media/catalog/product/cache/1/image/9df78eab33525d08d6e5fb8d27136e95/f/a/face_foundationprimer_960x960_1.jpg,bhcosmetics
StudioProWaterproofEyePrimer,http://www.bhcosmetics.com/studio-pro/studio-pro-waterproof-eye-primer-new,$6.17,studio_pro_waterproof_eye_primer,http://www.bhcosmetics.com/media/catalog/product/cache/1/image/9df78eab33525d08d6e5fb8d27136e95/s/t/studio_proeyeprimertube2015_960x960.png,bhcosmetics
StudioPro18PieceBrushSet,http://www.bhcosmetics.com/studio-pro/18-pc-studio-pro-brush-set,$21.44,studio_pro_18_piece_brush_set,http://www.bhcosmetics.com/media/catalog/product/cache/1/image/9df78eab33525d08d6e5fb8d27136e95/b/r/brushes_18pcbrushset_open_960x960.jpg,bhcosmetics
StudioProMattifyingFacePrimer,http://www.bhcosmetics.com/studio-pro/studio-pro-mattifying-face-primer,$7.79,studio_pro_mattifying_face_primer,http://www.bhcosmetics.com/media/catalog/product/cache/1/image/9df78eab33525d08d6e5fb8d27136e95/s/t/studio_pro_mattifying_face_primer.jpg,bhcosmetics
StudioProBrush2-TaperedPowder,http://www.bhcosmetics.com/studio-pro/studio-pro-brush-2-tapered-powder,$3.89,studio_pro_brush_2_-_tapered_powder,http://www.bhcosmetics.com/media/catalog/product/cache/1/image/9df78eab33525d08d6e5fb8d27136e95/s/t/studio_pro_brush02_tapered_powder_brush_ferrule_1.jpg,bhcosmetics
StudioProMakeupSettingSpray,http://www.bhcosmetics.com/studio-pro/studio-pro-makeup-setting-spray,$6.49,studio_pro_makeup_setting_spray,http://www.bhcosmetics.com/media/catalog/product/cache/1/image/9df78eab33525d08d6e5fb8d27136e95/a/c/accessories_makeupsettingspray_960x960.jpg,bhcosmetics
StudioProAnti-Shine,http://www.bhcosmetics.com/studio-pro/bh-studio-pro-anti-shine,$6.49,studio_pro_anti-shine,http://www.bhcosmetics.com/media/catalog/product/cache/1/image/9df78eab33525d08d6e5fb8d27136e95/f/a/face_antishineprimer_960x960.jpg,bhcosmetics
StudioProDualCleansingBrushPad,http://www.bhcosmetics.com/studio-pro/studio-pro-dual-cleansing-brush-pad,$6.49,studio_pro_dual_cleansing_brush_pad,http://www.bhcosmetics.com/media/catalog/product/cache/1/image/9df78eab33525d08d6e5fb8d27136e95/s/t/studio_pro_duo_polishing_pad.jpg,bhcosmetics
StudioProTweezers,http://www.bhcosmetics.com/studio-pro/studio-pro-tweezers,$3.24,studio_pro_tweezers,http://www.bhcosmetics.com/media/catalog/product/cache/1/image/9df78eab33525d08d6e5fb8d27136e95/b/h/bh_studio_pro_tweezers_closed_1.jpg,bhcosmetics
StudioProLashes,http://www.bhcosmetics.com/studio-pro/studio-pro-lashes,$2.27 $2.27,studio_pro_lashes,http://www.bhcosmetics.com/media/catalog/product/cache/1/image/9df78eab33525d08d6e5fb8d27136e95/s/t/studio_pro_lashes_04_05_17_8.jpg,bhcosmetics
StudioProMakeupBrushCleaner,http://www.bhcosmetics.com/studio-pro/makeup-brush-cleaner,$6.49,studio_pro_makeup_brush_cleaner,http://www.bhcosmetics.com/media/catalog/product/cache/1/image/9df78eab33525d08d6e5fb8d27136e95/b/r/brushes_studiopromakeupbrushcleaner_closed_960x960.jpg,bhcosmetics
StudioProWaterproofGelLiner-Onyx,http://www.bhcosmetics.com/studio-pro/studio-pro-waterproof-gel-liner-onyx,$3.89,studio_pro_waterproof_gel_liner_-_onyx,http://www.bhcosmetics.com/media/catalog/product/cache/1/image/9df78eab33525d08d6e5fb8d27136e95/s/t/studio_pro_waterproof_gel_eyeliner_-_above_960x960_72dpi_no_shadow.jpg,bhcosmetics
StudioProEye&amp;LipMakeupRemover,http://www.bhcosmetics.com/studio-pro/studio-pro-eye-lip-makeup-remover,$3.89,studio_pro_eye_&amp;_lip_makeup_remover,http://www.bhcosmetics.com/media/catalog/product/cache/1/image/9df78eab33525d08d6e5fb8d27136e95/s/p/sp_eye___lip_remover_bottle_final.jpg,bhcosmetics
StudioProBrush3-SmallContour,http://www.bhcosmetics.com/studio-pro/studio-pro-brush-3-small-contour,$3.24,studio_pro_brush_3_-_small_contour,http://www.bhcosmetics.com/media/catalog/product/cache/1/image/9df78eab33525d08d6e5fb8d27136e95/s/t/studio_pro_brush03_small_contour_brush_ferrule_1.jpg,bhcosmetics
StudioProBrush4-FlatTopBuffing,http://www.bhcosmetics.com/studio-pro/studio-pro-brush-4-flat-top-buffing,$3.24,studio_pro_brush_4_-_flat_top_buffing,http://www.bhcosmetics.com/media/catalog/product/cache/1/image/9df78eab33525d08d6e5fb8d27136e95/s/t/studio_pro_brush04_flat_top_buffing_brush_ferrule_1.jpg,bhcosmetics
StudioProBrush5-PointedCrease,http://www.bhcosmetics.com/studio-pro/studio-pro-brush-5-pointed-crease,$2.59,studio_pro_brush_5_-_pointed_crease,http://www.bhcosmetics.com/media/catalog/product/cache/1/image/9df78eab33525d08d6e5fb8d27136e95/s/t/studio_pro_brush05_flat_pointed_crease_brush_ferrule_1.jpg,bhcosmetics
StudioProBrush6-BlendingCrease,http://www.bhcosmetics.com/studio-pro/studio-pro-brush-6-blending-crease,$2.59,studio_pro_brush_6_-_blending_crease,http://www.bhcosmetics.com/media/catalog/product/cache/1/image/9df78eab33525d08d6e5fb8d27136e95/s/t/studio_pro_brush06_blending_crease_brush_ferrule_1.jpg,bhcosmetics
StudioProBrush8-SmallPointedCrease,http://www.bhcosmetics.com/studio-pro/studio-pro-brush-8-small-pointed-crease,$2.59,studio_pro_brush_8_-_small_pointed_crease,http://www.bhcosmetics.com/media/catalog/product/cache/1/image/9df78eab33525d08d6e5fb8d27136e95/s/t/studio_pro_brush08_small_pointed_crease_brush_ferrule_2.jpg,bhcosmetics
StudioProBrush10-Lip,http://www.bhcosmetics.com/studio-pro/studio-pro-brush-10-lip,$3.24,studio_pro_brush_10_-_lip,http://www.bhcosmetics.com/media/catalog/product/cache/1/image/9df78eab33525d08d6e5fb8d27136e95/s/t/studio_pro_brush10_lip_brush_ferrule_1.jpg,bhcosmetics
StudioProBrush11-FlatEyeliner,http://www.bhcosmetics.com/studio-pro/studio-pro-brush-11-flat-eyeliner,$3.24,studio_pro_brush_11_-_flat_eyeliner,http://www.bhcosmetics.com/media/catalog/product/cache/1/image/9df78eab33525d08d6e5fb8d27136e95/s/t/studio_pro_brush11_flat_eyeliner_brushferrule.jpg,bhcosmetics
StudioProBrush12-BentLiner,http://www.bhcosmetics.com/studio-pro/studio-pro-brush-12-bent-liner,$2.59,studio_pro_brush_12_-_bent_liner,http://www.bhcosmetics.com/media/catalog/product/cache/1/image/9df78eab33525d08d6e5fb8d27136e95/s/t/studio_pro_brush12_bent_liner_brush_ferrule_1.jpg,bhcosmetics
StudioProBrush13-AngledLiner/Spooley,http://www.bhcosmetics.com/studio-pro/studio-pro-brush-13-angled-liner-spooley,$3.24,studio_pro_brush_13_-_angled_liner/spooley,http://www.bhcosmetics.com/media/catalog/product/cache/1/image/9df78eab33525d08d6e5fb8d27136e95/s/t/studio_pro_brush13_angled_liner_spooley_brush_ferrule_1.jpg,bhcosmetics
StudioProPerfectingConcealer,http://www.bhcosmetics.com/studio-pro/studio-pro-perfecting-concealer,$2.25 $2.25,studio_pro_perfecting_concealer,http://www.bhcosmetics.com/media/catalog/product/cache/1/image/9df78eab33525d08d6e5fb8d27136e95/p/e/perfectingconcealer_group_960x960.jpg,bhcosmetics
StudioProBrush9-SmallFlatShader,http://www.bhcosmetics.com/studio-pro/studio-pro-brush-9-small-flat-shader,$2.59,studio_pro_brush_9_-_small_flat_shader,http://www.bhcosmetics.com/media/catalog/product/cache/1/image/9df78eab33525d08d6e5fb8d27136e95/s/t/studio_pro_brush09_small_flat_shader_brush_ferrule_1_1.jpg,bhcosmetics
StudioPro-13PieceBrushSet,http://www.bhcosmetics.com/studio-pro/studio-pro-13-piece-brush-set,$12.99,studio_pro_-_13_piece_brush_set,http://www.bhcosmetics.com/media/catalog/product/cache/1/image/9df78eab33525d08d6e5fb8d27136e95/s/t/studio_pro_brush_set_group.jpg,bhcosmetics
StudioProBrush1-DeluxeFan,http://www.bhcosmetics.com/studio-pro/studio-pro-brush-1-deluxe-fan,$5.84,studio_pro_brush_1_-_deluxe_fan,http://www.bhcosmetics.com/media/catalog/product/cache/1/image/9df78eab33525d08d6e5fb8d27136e95/s/t/studio_pro_brush01_deluxe_fan_ferrule_1.jpg,bhcosmetics
StudioProBrush7-FlatShader,http://www.bhcosmetics.com/studio-pro/studio-pro-brush-7-flat-shader,$2.59,studio_pro_brush_7_-_flat_shader,http://www.bhcosmetics.com/media/catalog/product/cache/1/image/9df78eab33525d08d6e5fb8d27136e95/s/t/studio_pro_brush07_flat_shader_brush_ferrule_1_1.jpg,bhcosmetics
StudioProTweezers,http://www.bhcosmetics.com/accessories/studio-pro-tweezers,$3.24,studio_pro_tweezers,http://www.bhcosmetics.com/media/catalog/product/cache/1/image/9df78eab33525d08d6e5fb8d27136e95/b/h/bh_studio_pro_tweezers_closed_1.jpg,bhcosmetics
StudioProBeautySponge,http://www.bhcosmetics.com/accessories/studio-pro-beauty-sponge,$3.24,studio_pro_beauty_sponge,http://www.bhcosmetics.com/media/catalog/product/cache/1/image/9df78eab33525d08d6e5fb8d27136e95/s/p/sponge_1.jpg,bhcosmetics
StudioProPrecisionSponge,http://www.bhcosmetics.com/accessories/studio-pro-precision-sponge,$3.24,studio_pro_precision_sponge,http://www.bhcosmetics.com/media/catalog/product/cache/1/image/9df78eab33525d08d6e5fb8d27136e95/s/t/studio_pro_precision_sponge_front_02.jpg,bhcosmetics
CosmeticsBag,http://www.bhcosmetics.com/accessories/cosmetics-bag,$7.79,cosmetics_bag,http://www.bhcosmetics.com/media/catalog/product/cache/1/image/9df78eab33525d08d6e5fb8d27136e95/a/c/accessories_blackcosmeticsbag_closed_960x960.jpg,bhcosmetics
WildZipPouch,http://www.bhcosmetics.com/accessories/wild-zip-pouch,$5.19,wild_zip_pouch,http://www.bhcosmetics.com/media/catalog/product/cache/1/image/9df78eab33525d08d6e5fb8d27136e95/a/c/accessories_wildmakeupbag_960x960_2.jpg,bhcosmetics
StudioProMakeupSettingSpray,http://www.bhcosmetics.com/accessories/studio-pro-makeup-setting-spray,$6.49,studio_pro_makeup_setting_spray,http://www.bhcosmetics.com/media/catalog/product/cache/1/image/9df78eab33525d08d6e5fb8d27136e95/a/c/accessories_makeupsettingspray_960x960.jpg,bhcosmetics
StudioProPerfectingSponge,http://www.bhcosmetics.com/accessories/studio-pro-perfecting-sponge,$3.24,studio_pro_perfecting_sponge,http://www.bhcosmetics.com/media/catalog/product/cache/1/image/9df78eab33525d08d6e5fb8d27136e95/s/t/studio_pro_perfecting_sponge_1_.jpg,bhcosmetics
StudioProMakeupBrushCleaner,http://www.bhcosmetics.com/accessories/makeup-brush-cleaner,$6.49,studio_pro_makeup_brush_cleaner,http://www.bhcosmetics.com/media/catalog/product/cache/1/image/9df78eab33525d08d6e5fb8d27136e95/b/r/brushes_studiopromakeupbrushcleaner_closed_960x960.jpg,bhcosmetics
StudioProEye&amp;LipMakeupRemover,http://www.bhcosmetics.com/accessories/studio-pro-eye-lip-makeup-remover,$3.89,studio_pro_eye_&amp;_lip_makeup_remover,http://www.bhcosmetics.com/media/catalog/product/cache/1/image/9df78eab33525d08d6e5fb8d27136e95/s/p/sp_eye___lip_remover_bottle_final.jpg,bhcosmetics
AngledBrushHolder-Pink,http://www.bhcosmetics.com/accessories/angled-brush-holder-pink,$3.89,angled_brush_holder_-_pink,http://www.bhcosmetics.com/media/catalog/product/cache/1/image/9df78eab33525d08d6e5fb8d27136e95/a/n/angled-brush-holder_pink_hero_w_brushes2.jpg,bhcosmetics
ProArtistBrushBelt,http://www.bhcosmetics.com/accessories/pro-artist-brush-belt,$5.84,pro_artist_brush_belt,http://www.bhcosmetics.com/media/catalog/product/cache/1/image/9df78eab33525d08d6e5fb8d27136e95/b/r/brushes_proartistbrushbelt_above_960x960.jpg,bhcosmetics
AngledBrushHolder-Holographic,http://www.bhcosmetics.com/accessories/angled-brush-holder-holographic,$3.89,angled_brush_holder_-_holographic,http://www.bhcosmetics.com/media/catalog/product/cache/1/image/9df78eab33525d08d6e5fb8d27136e95/a/n/angled-brush-holder_holographic_hero_w_brushes1.jpg,bhcosmetics
QuickChange-BrushCleaner,http://www.bhcosmetics.com/accessories/quick-change,$5.19,quick_change_-_brush_cleaner,http://www.bhcosmetics.com/media/catalog/product/cache/1/image/9df78eab33525d08d6e5fb8d27136e95/q/u/quickchange_open_no_shadow_960x960_72dpi.jpg,bhcosmetics
AngledBrushHolder-Black,http://www.bhcosmetics.com/accessories/angled-brush-holder-black,$3.89,angled_brush_holder_-_black,http://www.bhcosmetics.com/media/catalog/product/cache/1/image/9df78eab33525d08d6e5fb8d27136e95/a/n/angled-brush-holder_black_hero_w_brushes2.jpg,bhcosmetics
AngledBrushHolder-Marble,http://www.bhcosmetics.com/accessories/angled-brush-holder-marble,$3.89,angled_brush_holder_-_marble,http://www.bhcosmetics.com/media/catalog/product/cache/1/image/9df78eab33525d08d6e5fb8d27136e95/a/n/angled-brush-holder_marble_hero_w_brushes2.jpg,bhcosmetics
